metric,name,value,n,network_id,clustering_id
0.5_precision,blondel,0.99246717552,10000.0,1.5,1.5
0.5_precision,infomap,0.996852268214,10000.0,1.5,1.5
0.5_precision,label_propagation,0.880144883021,10000.0,1.5,1.5
0.5_precision,mod_opt,0.913916124211,10000.0,1.5,1.5
0.5_precision,oslom,0.994813495415,10000.0,1.5,1.5
0.5_recall,blondel,0.186336634061,10000.0,1.5,1.5
0.5_recall,infomap,0.193114915269,10000.0,1.5,1.5
0.5_recall,label_propagation,0.103598194899,10000.0,1.5,1.5
0.5_recall,mod_opt,0.15584981502,10000.0,1.5,1.5
0.5_recall,oslom,0.186072062626,10000.0,1.5,1.5
0.6_precision,blondel,0.99246717552,10000.0,1.5,1.5
0.6_precision,infomap,0.996852268214,10000.0,1.5,1.5
0.6_precision,label_propagation,0.865683792717,10000.0,1.5,1.5
0.6_precision,mod_opt,0.913916124211,10000.0,1.5,1.5
0.6_precision,oslom,0.994813495415,10000.0,1.5,1.5
0.6_recall,blondel,0.186336634061,10000.0,1.5,1.5
0.6_recall,infomap,0.193114915269,10000.0,1.5,1.5
0.6_recall,label_propagation,0.0998418442343,10000.0,1.5,1.5
0.6_recall,mod_opt,0.15584981502,10000.0,1.5,1.5
0.6_recall,oslom,0.186072062626,10000.0,1.5,1.5
0.7_precision,blondel,0.99246717552,10000.0,1.5,1.5
0.7_precision,infomap,0.996852268214,10000.0,1.5,1.5
0.7_precision,label_propagation,0.865683792717,10000.0,1.5,1.5
0.7_precision,mod_opt,0.890237646972,10000.0,1.5,1.5
0.7_precision,oslom,0.994813495415,10000.0,1.5,1.5
0.7_recall,blondel,0.186336634061,10000.0,1.5,1.5
0.7_recall,infomap,0.193114915269,10000.0,1.5,1.5
0.7_recall,label_propagation,0.0998418442343,10000.0,1.5,1.5
0.7_recall,mod_opt,0.151589161781,10000.0,1.5,1.5
0.7_recall,oslom,0.186072062626,10000.0,1.5,1.5
0.8_precision,blondel,0.99246717552,10000.0,1.5,1.5
0.8_precision,infomap,0.996852268214,10000.0,1.5,1.5
0.8_precision,label_propagation,0.826463432642,10000.0,1.5,1.5
0.8_precision,mod_opt,0.877549677048,10000.0,1.5,1.5
0.8_precision,oslom,0.994813495415,10000.0,1.5,1.5
0.8_recall,blondel,0.186336634061,10000.0,1.5,1.5
0.8_recall,infomap,0.193114915269,10000.0,1.5,1.5
0.8_recall,label_propagation,0.0928192971497,10000.0,1.5,1.5
0.8_recall,mod_opt,0.148443775015,10000.0,1.5,1.5
0.8_recall,oslom,0.186072062626,10000.0,1.5,1.5
0.9_precision,blondel,0.9662331121,10000.0,1.5,1.5
0.9_precision,infomap,0.996852268214,10000.0,1.5,1.5
0.9_precision,label_propagation,0.802591904864,10000.0,1.5,1.5
0.9_precision,mod_opt,0.862658497208,10000.0,1.5,1.5
0.9_precision,oslom,0.994813495415,10000.0,1.5,1.5
0.9_recall,blondel,0.180552774233,10000.0,1.5,1.5
0.9_recall,infomap,0.193114915269,10000.0,1.5,1.5
0.9_recall,label_propagation,0.0892875434735,10000.0,1.5,1.5
0.9_recall,mod_opt,0.145376290352,10000.0,1.5,1.5
0.9_recall,oslom,0.186072062626,10000.0,1.5,1.5
1.0_precision,blondel,0.854323308271,10000.0,1.5,1.5
1.0_precision,infomap,0.875773651636,10000.0,1.5,1.5
1.0_precision,label_propagation,0.583333333333,10000.0,1.5,1.5
1.0_precision,mod_opt,0.596560846561,10000.0,1.5,1.5
1.0_precision,oslom,0.837959489872,10000.0,1.5,1.5
1.0_recall,blondel,0.159510408981,10000.0,1.5,1.5
1.0_recall,infomap,0.169738149401,10000.0,1.5,1.5
1.0_recall,label_propagation,0.0639138421861,10000.0,1.5,1.5
1.0_recall,mod_opt,0.101108607958,10000.0,1.5,1.5
1.0_recall,oslom,0.15666109246,10000.0,1.5,1.5
ANC,blondel,0.969938107869,10000.0,1.5,1.5
ANC,infomap,1.0,10000.0,1.5,1.5
ANC,label_propagation,0.541114058355,10000.0,1.5,1.5
ANC,mod_opt,0.828912466844,10000.0,1.5,1.5
ANC,oslom,0.921230307577,10000.0,1.5,1.5
Adjusted Rand Score,blondel,0.978620079632,10000.0,1.5,1.5
Adjusted Rand Score,infomap,0.996557532262,10000.0,1.5,1.5
Adjusted Rand Score,label_propagation,0.666203289621,10000.0,1.5,1.5
Adjusted Rand Score,mod_opt,0.968641336247,10000.0,1.5,1.5
Adjusted Rand Score,oslom,0.917983350281,10000.0,1.5,1.5
Block_size_median,blondel,37.5,10000.0,1.5,1.5
Block_size_median,infomap,35.5,10000.0,1.5,1.5
Block_size_median,label_propagation,98.0,10000.0,1.5,1.5
Block_size_median,mod_opt,61.0,10000.0,1.5,1.5
Block_size_median,oslom,38.5,10000.0,1.5,1.5
Conductance,blondel,0.31045,10000.0,1.5,1.5
Conductance,gold_standard,0.3148,10000.0,1.5,1.0
Conductance,infomap,0.315,10000.0,1.5,1.5
Conductance,label_propagation,0.3509,10000.0,1.5,1.5
Conductance,mod_opt,0.32845,10000.0,1.5,1.5
Conductance,oslom,0.2936,10000.0,1.5,1.5
Coverage,blondel,0.53915,10000.0,1.5,1.5
Coverage,gold_standard,0.5382,10000.0,1.5,1.0
Coverage,infomap,0.5383,10000.0,1.5,1.5
Coverage,label_propagation,0.55745,10000.0,1.5,1.5
Coverage,mod_opt,0.5394,10000.0,1.5,1.5
Coverage,oslom,0.48835,10000.0,1.5,1.5
Lancichinetti NMI,blondel,0.952458,10000.0,1.5,1.5
Lancichinetti NMI,infomap,0.990734,10000.0,1.5,1.5
Lancichinetti NMI,label_propagation,0.695948,10000.0,1.5,1.5
Lancichinetti NMI,mod_opt,0.856207,10000.0,1.5,1.5
Lancichinetti NMI,oslom,0.9385135,10000.0,1.5,1.5
Modularity,blondel,0.4704,10000.0,1.5,1.5
Modularity,gold_standard,0.47065,10000.0,1.5,1.0
Modularity,infomap,0.4707,10000.0,1.5,1.5
Modularity,label_propagation,0.456,10000.0,1.5,1.5
Modularity,mod_opt,0.4709,10000.0,1.5,1.5
Modularity,oslom,0.43265,10000.0,1.5,1.5
NLS,blondel,0.854267279012,10000.0,1.5,1.5
NLS,infomap,0.858575811057,10000.0,1.5,1.5
NLS,label_propagation,0.847770457112,10000.0,1.5,1.5
NLS,mod_opt,0.85041134587,10000.0,1.5,1.5
NLS,oslom,0.837578560313,10000.0,1.5,1.5
Original_block_num,blondel,34.0,10000.0,1.5,1.5
Original_block_num,infomap,34.0,10000.0,1.5,1.5
Original_block_num,label_propagation,34.0,10000.0,1.5,1.5
Original_block_num,mod_opt,34.0,10000.0,1.5,1.5
Original_block_num,oslom,34.0,10000.0,1.5,1.5
Sample_block_num,blondel,33.0,10000.0,1.5,1.5
Sample_block_num,infomap,34.0,10000.0,1.5,1.5
Sample_block_num,label_propagation,18.0,10000.0,1.5,1.5
Sample_block_num,mod_opt,27.5,10000.0,1.5,1.5
Sample_block_num,oslom,37.0,10000.0,1.5,1.5
Scikit-learn NMI,blondel,0.990596266631,10000.0,1.5,1.5
Scikit-learn NMI,infomap,0.996624275216,10000.0,1.5,1.5
Scikit-learn NMI,label_propagation,0.882798465712,10000.0,1.5,1.5
Scikit-learn NMI,mod_opt,0.97775403218,10000.0,1.5,1.5
Scikit-learn NMI,oslom,0.973239936788,10000.0,1.5,1.5
