metric,name,value,n,network_id,clustering_id
0.5_precision,blondel,0.99229532708,30000.0,1.5,1.5
0.5_precision,infomap,0.993825378893,30000.0,1.5,1.5
0.5_precision,label_propagation,0.888832174669,30000.0,1.5,1.5
0.5_precision,mod_opt,0.926841241785,30000.0,1.5,1.5
0.5_precision,oslom,0.983751924905,30000.0,1.5,1.5
0.5_recall,blondel,0.184314330846,30000.0,1.5,1.5
0.5_recall,infomap,0.194338771987,30000.0,1.5,1.5
0.5_recall,label_propagation,0.071866515579,30000.0,1.5,1.5
0.5_recall,mod_opt,0.145824416283,30000.0,1.5,1.5
0.5_recall,oslom,0.172079436119,30000.0,1.5,1.5
0.6_precision,blondel,0.99229532708,30000.0,1.5,1.5
0.6_precision,infomap,0.993825378893,30000.0,1.5,1.5
0.6_precision,label_propagation,0.888832174669,30000.0,1.5,1.5
0.6_precision,mod_opt,0.908669687591,30000.0,1.5,1.5
0.6_precision,oslom,0.983751924905,30000.0,1.5,1.5
0.6_recall,blondel,0.184314330846,30000.0,1.5,1.5
0.6_recall,infomap,0.194338771987,30000.0,1.5,1.5
0.6_recall,label_propagation,0.071866515579,30000.0,1.5,1.5
0.6_recall,mod_opt,0.141194679808,30000.0,1.5,1.5
0.6_recall,oslom,0.172079436119,30000.0,1.5,1.5
0.7_precision,blondel,0.98514193475,30000.0,1.5,1.5
0.7_precision,infomap,0.993825378893,30000.0,1.5,1.5
0.7_precision,label_propagation,0.850739382112,30000.0,1.5,1.5
0.7_precision,mod_opt,0.889363718676,30000.0,1.5,1.5
0.7_precision,oslom,0.983751924905,30000.0,1.5,1.5
0.7_recall,blondel,0.182188862476,30000.0,1.5,1.5
0.7_recall,infomap,0.194338771987,30000.0,1.5,1.5
0.7_recall,label_propagation,0.0675519493578,30000.0,1.5,1.5
0.7_recall,mod_opt,0.136876799526,30000.0,1.5,1.5
0.7_recall,oslom,0.172079436119,30000.0,1.5,1.5
0.8_precision,blondel,0.98514193475,30000.0,1.5,1.5
0.8_precision,infomap,0.993825378893,30000.0,1.5,1.5
0.8_precision,label_propagation,0.850739382112,30000.0,1.5,1.5
0.8_precision,mod_opt,0.879373465264,30000.0,1.5,1.5
0.8_precision,oslom,0.983751924905,30000.0,1.5,1.5
0.8_recall,blondel,0.182188862476,30000.0,1.5,1.5
0.8_recall,infomap,0.194338771987,30000.0,1.5,1.5
0.8_recall,label_propagation,0.0675519493578,30000.0,1.5,1.5
0.8_recall,mod_opt,0.134640029204,30000.0,1.5,1.5
0.8_recall,oslom,0.172079436119,30000.0,1.5,1.5
0.9_precision,blondel,0.975109586437,30000.0,1.5,1.5
0.9_precision,infomap,0.993825378893,30000.0,1.5,1.5
0.9_precision,label_propagation,0.832857794158,30000.0,1.5,1.5
0.9_precision,mod_opt,0.830021165148,30000.0,1.5,1.5
0.9_precision,oslom,0.983751924905,30000.0,1.5,1.5
0.9_recall,blondel,0.179878893879,30000.0,1.5,1.5
0.9_recall,infomap,0.194338771987,30000.0,1.5,1.5
0.9_recall,label_propagation,0.0653240893826,30000.0,1.5,1.5
0.9_recall,mod_opt,0.125476283183,30000.0,1.5,1.5
0.9_recall,oslom,0.172079436119,30000.0,1.5,1.5
1.0_precision,blondel,0.758720930233,30000.0,1.5,1.5
1.0_precision,infomap,0.726789168279,30000.0,1.5,1.5
1.0_precision,label_propagation,0.463141025641,30000.0,1.5,1.5
1.0_precision,mod_opt,0.484375,30000.0,1.5,1.5
1.0_precision,oslom,0.424780058651,30000.0,1.5,1.5
1.0_recall,blondel,0.135008582608,30000.0,1.5,1.5
1.0_recall,infomap,0.139288355589,30000.0,1.5,1.5
1.0_recall,label_propagation,0.037269357195,30000.0,1.5,1.5
1.0_recall,mod_opt,0.0721105569027,30000.0,1.5,1.5
1.0_recall,oslom,0.0740546310742,30000.0,1.5,1.5
ANC,blondel,0.97821969697,30000.0,1.5,1.5
ANC,infomap,1.0,30000.0,1.5,1.5
ANC,label_propagation,0.403046421663,30000.0,1.5,1.5
ANC,mod_opt,0.746615087041,30000.0,1.5,1.5
ANC,oslom,0.779032258065,30000.0,1.5,1.5
Adjusted Rand Score,blondel,0.964645352624,30000.0,1.5,1.5
Adjusted Rand Score,infomap,0.99505092754,30000.0,1.5,1.5
Adjusted Rand Score,label_propagation,0.408784382091,30000.0,1.5,1.5
Adjusted Rand Score,mod_opt,0.976836711052,30000.0,1.5,1.5
Adjusted Rand Score,oslom,0.701791799565,30000.0,1.5,1.5
Block_size_median,blondel,62.5,30000.0,1.5,1.5
Block_size_median,infomap,70.0,30000.0,1.5,1.5
Block_size_median,label_propagation,152.25,30000.0,1.5,1.5
Block_size_median,mod_opt,125.5,30000.0,1.5,1.5
Block_size_median,oslom,84.75,30000.0,1.5,1.5
Conductance,blondel,0.30035,30000.0,1.5,1.5
Conductance,gold_standard,0.31585,30000.0,1.5,1.0
Conductance,infomap,0.30315,30000.0,1.5,1.5
Conductance,label_propagation,0.35745,30000.0,1.5,1.5
Conductance,mod_opt,0.34085,30000.0,1.5,1.5
Conductance,oslom,0.259,30000.0,1.5,1.5
Coverage,blondel,0.5524,30000.0,1.5,1.5
Coverage,gold_standard,0.551,30000.0,1.5,1.0
Coverage,infomap,0.55095,30000.0,1.5,1.5
Coverage,label_propagation,0.601,30000.0,1.5,1.5
Coverage,mod_opt,0.55145,30000.0,1.5,1.5
Coverage,oslom,0.3972,30000.0,1.5,1.5
Lancichinetti NMI,blondel,0.895718,30000.0,1.5,1.5
Lancichinetti NMI,infomap,0.9517575,30000.0,1.5,1.5
Lancichinetti NMI,label_propagation,0.639177,30000.0,1.5,1.5
Lancichinetti NMI,mod_opt,0.827966,30000.0,1.5,1.5
Lancichinetti NMI,oslom,0.791812,30000.0,1.5,1.5
Modularity,blondel,0.4832,30000.0,1.5,1.5
Modularity,gold_standard,0.48495,30000.0,1.5,1.0
Modularity,infomap,0.4849,30000.0,1.5,1.5
Modularity,label_propagation,0.42775,30000.0,1.5,1.5
Modularity,mod_opt,0.4849,30000.0,1.5,1.5
Modularity,oslom,0.3647,30000.0,1.5,1.5
NLS,blondel,0.881796225655,30000.0,1.5,1.5
NLS,infomap,0.899199778637,30000.0,1.5,1.5
NLS,label_propagation,0.883496253217,30000.0,1.5,1.5
NLS,mod_opt,0.884915258808,30000.0,1.5,1.5
NLS,oslom,0.805241180074,30000.0,1.5,1.5
Original_block_num,blondel,45.5,30000.0,1.5,1.5
Original_block_num,infomap,45.5,30000.0,1.5,1.5
Original_block_num,label_propagation,45.5,30000.0,1.5,1.5
Original_block_num,mod_opt,45.5,30000.0,1.5,1.5
Original_block_num,oslom,45.5,30000.0,1.5,1.5
Sample_block_num,blondel,45.5,30000.0,1.5,1.5
Sample_block_num,infomap,45.5,30000.0,1.5,1.5
Sample_block_num,label_propagation,18.5,30000.0,1.5,1.5
Sample_block_num,mod_opt,34.0,30000.0,1.5,1.5
Sample_block_num,oslom,58.5,30000.0,1.5,1.5
Scikit-learn NMI,blondel,0.987692697757,30000.0,1.5,1.5
Scikit-learn NMI,infomap,0.994730467063,30000.0,1.5,1.5
Scikit-learn NMI,label_propagation,0.783539713845,30000.0,1.5,1.5
Scikit-learn NMI,mod_opt,0.978835247902,30000.0,1.5,1.5
Scikit-learn NMI,oslom,0.919785637396,30000.0,1.5,1.5
