metric,name,value,n,network_id,clustering_id
0.5_precision,blondel,0.99240853901,30000.0,1.5,1.5
0.5_precision,infomap,0.980212546862,30000.0,1.5,1.5
0.5_precision,label_propagation,0.946095061752,30000.0,1.5,1.5
0.5_precision,mod_opt,0.925270238176,30000.0,1.5,1.5
0.5_precision,oslom,0.98817112879,30000.0,1.5,1.5
0.5_recall,blondel,0.178321472314,30000.0,1.5,1.5
0.5_recall,infomap,0.192545457969,30000.0,1.5,1.5
0.5_recall,label_propagation,0.117987254437,30000.0,1.5,1.5
0.5_recall,mod_opt,0.138679336964,30000.0,1.5,1.5
0.5_recall,oslom,0.17614096827,30000.0,1.5,1.5
0.6_precision,blondel,0.99240853901,30000.0,1.5,1.5
0.6_precision,infomap,0.980212546862,30000.0,1.5,1.5
0.6_precision,label_propagation,0.946095061752,30000.0,1.5,1.5
0.6_precision,mod_opt,0.915331400255,30000.0,1.5,1.5
0.6_precision,oslom,0.98817112879,30000.0,1.5,1.5
0.6_recall,blondel,0.178321472314,30000.0,1.5,1.5
0.6_recall,infomap,0.192545457969,30000.0,1.5,1.5
0.6_recall,label_propagation,0.117987254437,30000.0,1.5,1.5
0.6_recall,mod_opt,0.136040064592,30000.0,1.5,1.5
0.6_recall,oslom,0.17614096827,30000.0,1.5,1.5
0.7_precision,blondel,0.99240853901,30000.0,1.5,1.5
0.7_precision,infomap,0.980212546862,30000.0,1.5,1.5
0.7_precision,label_propagation,0.923642619235,30000.0,1.5,1.5
0.7_precision,mod_opt,0.870791035366,30000.0,1.5,1.5
0.7_precision,oslom,0.98817112879,30000.0,1.5,1.5
0.7_recall,blondel,0.178321472314,30000.0,1.5,1.5
0.7_recall,infomap,0.192545457969,30000.0,1.5,1.5
0.7_recall,label_propagation,0.113417594235,30000.0,1.5,1.5
0.7_recall,mod_opt,0.127345909763,30000.0,1.5,1.5
0.7_recall,oslom,0.17614096827,30000.0,1.5,1.5
0.8_precision,blondel,0.99240853901,30000.0,1.5,1.5
0.8_precision,infomap,0.980212546862,30000.0,1.5,1.5
0.8_precision,label_propagation,0.910729926645,30000.0,1.5,1.5
0.8_precision,mod_opt,0.870791035366,30000.0,1.5,1.5
0.8_precision,oslom,0.98817112879,30000.0,1.5,1.5
0.8_recall,blondel,0.178321472314,30000.0,1.5,1.5
0.8_recall,infomap,0.192545457969,30000.0,1.5,1.5
0.8_recall,label_propagation,0.111025249737,30000.0,1.5,1.5
0.8_recall,mod_opt,0.127345909763,30000.0,1.5,1.5
0.8_recall,oslom,0.17614096827,30000.0,1.5,1.5
0.9_precision,blondel,0.964070759333,30000.0,1.5,1.5
0.9_precision,infomap,0.980212546862,30000.0,1.5,1.5
0.9_precision,label_propagation,0.834508362808,30000.0,1.5,1.5
0.9_precision,mod_opt,0.749759767309,30000.0,1.5,1.5
0.9_precision,oslom,0.981095657092,30000.0,1.5,1.5
0.9_recall,blondel,0.171696652234,30000.0,1.5,1.5
0.9_recall,infomap,0.192545457969,30000.0,1.5,1.5
0.9_recall,label_propagation,0.0997403965416,30000.0,1.5,1.5
0.9_recall,mod_opt,0.107432006617,30000.0,1.5,1.5
0.9_recall,oslom,0.174068283139,30000.0,1.5,1.5
1.0_precision,blondel,0.733333333333,30000.0,1.5,1.5
1.0_precision,infomap,0.620265151515,30000.0,1.5,1.5
1.0_precision,label_propagation,0.506631299735,30000.0,1.5,1.5
1.0_precision,mod_opt,0.295454545455,30000.0,1.5,1.5
1.0_precision,oslom,0.490662139219,30000.0,1.5,1.5
1.0_recall,blondel,0.124389190962,30000.0,1.5,1.5
1.0_recall,infomap,0.11887363101,30000.0,1.5,1.5
1.0_recall,label_propagation,0.0597906200361,30000.0,1.5,1.5
1.0_recall,mod_opt,0.0426168086561,30000.0,1.5,1.5
1.0_recall,oslom,0.0762990832853,30000.0,1.5,1.5
ANC,blondel,0.967612293144,30000.0,1.5,1.5
ANC,infomap,0.989583333333,30000.0,1.5,1.5
ANC,label_propagation,0.606141199226,30000.0,1.5,1.5
ANC,mod_opt,0.69414893617,30000.0,1.5,1.5
ANC,oslom,0.764997170345,30000.0,1.5,1.5
Adjusted Rand Score,blondel,0.977005140444,30000.0,1.5,1.5
Adjusted Rand Score,infomap,0.99200576894,30000.0,1.5,1.5
Adjusted Rand Score,label_propagation,0.752721175627,30000.0,1.5,1.5
Adjusted Rand Score,mod_opt,0.953433364574,30000.0,1.5,1.5
Adjusted Rand Score,oslom,0.714912408627,30000.0,1.5,1.5
Block_size_median,blondel,72.5,30000.0,1.5,1.5
Block_size_median,infomap,71.25,30000.0,1.5,1.5
Block_size_median,label_propagation,133.5,30000.0,1.5,1.5
Block_size_median,mod_opt,135.75,30000.0,1.5,1.5
Block_size_median,oslom,81.5,30000.0,1.5,1.5
Conductance,blondel,0.2961,30000.0,1.5,1.5
Conductance,gold_standard,0.3153,30000.0,1.5,1.0
Conductance,infomap,0.307,30000.0,1.5,1.5
Conductance,label_propagation,0.3474,30000.0,1.5,1.5
Conductance,mod_opt,0.3429,30000.0,1.5,1.5
Conductance,oslom,0.2546,30000.0,1.5,1.5
Coverage,blondel,0.55165,30000.0,1.5,1.5
Coverage,gold_standard,0.551,30000.0,1.5,1.0
Coverage,infomap,0.5509,30000.0,1.5,1.5
Coverage,label_propagation,0.5605,30000.0,1.5,1.5
Coverage,mod_opt,0.552,30000.0,1.5,1.5
Coverage,oslom,0.39255,30000.0,1.5,1.5
Lancichinetti NMI,blondel,0.8781925,30000.0,1.5,1.5
Lancichinetti NMI,infomap,0.9462635,30000.0,1.5,1.5
Lancichinetti NMI,label_propagation,0.757985,30000.0,1.5,1.5
Lancichinetti NMI,mod_opt,0.7815035,30000.0,1.5,1.5
Lancichinetti NMI,oslom,0.8198275,30000.0,1.5,1.5
Modularity,blondel,0.48505,30000.0,1.5,1.5
Modularity,gold_standard,0.4855,30000.0,1.5,1.0
Modularity,infomap,0.4854,30000.0,1.5,1.5
Modularity,label_propagation,0.4778,30000.0,1.5,1.5
Modularity,mod_opt,0.4851,30000.0,1.5,1.5
Modularity,oslom,0.361,30000.0,1.5,1.5
NLS,blondel,0.877802959463,30000.0,1.5,1.5
NLS,infomap,0.898801139912,30000.0,1.5,1.5
NLS,label_propagation,0.889180607593,30000.0,1.5,1.5
NLS,mod_opt,0.89207103913,30000.0,1.5,1.5
NLS,oslom,0.825807917378,30000.0,1.5,1.5
Original_block_num,blondel,45.5,30000.0,1.5,1.5
Original_block_num,infomap,45.5,30000.0,1.5,1.5
Original_block_num,label_propagation,45.5,30000.0,1.5,1.5
Original_block_num,mod_opt,45.5,30000.0,1.5,1.5
Original_block_num,oslom,45.5,30000.0,1.5,1.5
Sample_block_num,blondel,45.0,30000.0,1.5,1.5
Sample_block_num,infomap,46.0,30000.0,1.5,1.5
Sample_block_num,label_propagation,27.5,30000.0,1.5,1.5
Sample_block_num,mod_opt,31.5,30000.0,1.5,1.5
Sample_block_num,oslom,59.5,30000.0,1.5,1.5
Scikit-learn NMI,blondel,0.985928617885,30000.0,1.5,1.5
Scikit-learn NMI,infomap,0.992082959633,30000.0,1.5,1.5
Scikit-learn NMI,label_propagation,0.920597330803,30000.0,1.5,1.5
Scikit-learn NMI,mod_opt,0.968579322643,30000.0,1.5,1.5
Scikit-learn NMI,oslom,0.924862435142,30000.0,1.5,1.5
