metric,name,value,n,network_id,clustering_id
0.5_precision,blondel,0.983049440643,50000.0,1.5,1.5
0.5_precision,infomap,0.983656079227,50000.0,1.5,1.5
0.5_precision,label_propagation,0.946777403841,50000.0,1.5,1.5
0.5_precision,mod_opt,0.919719359471,50000.0,1.5,1.5
0.5_precision,oslom,0.987633751876,50000.0,1.5,1.5
0.5_recall,blondel,0.168533259108,50000.0,1.5,1.5
0.5_recall,infomap,0.190363721471,50000.0,1.5,1.5
0.5_recall,label_propagation,0.0934925060144,50000.0,1.5,1.5
0.5_recall,mod_opt,0.136130471255,50000.0,1.5,1.5
0.5_recall,oslom,0.168470641887,50000.0,1.5,1.5
0.6_precision,blondel,0.977875939065,50000.0,1.5,1.5
0.6_precision,infomap,0.983656079227,50000.0,1.5,1.5
0.6_precision,label_propagation,0.939678138677,50000.0,1.5,1.5
0.6_precision,mod_opt,0.879498847226,50000.0,1.5,1.5
0.6_precision,oslom,0.987633751876,50000.0,1.5,1.5
0.6_recall,blondel,0.166634891241,50000.0,1.5,1.5
0.6_recall,infomap,0.190363721471,50000.0,1.5,1.5
0.6_recall,label_propagation,0.0919551786266,50000.0,1.5,1.5
0.6_recall,mod_opt,0.126685229192,50000.0,1.5,1.5
0.6_recall,oslom,0.168470641887,50000.0,1.5,1.5
0.7_precision,blondel,0.977875939065,50000.0,1.5,1.5
0.7_precision,infomap,0.983656079227,50000.0,1.5,1.5
0.7_precision,label_propagation,0.939678138677,50000.0,1.5,1.5
0.7_precision,mod_opt,0.86413798372,50000.0,1.5,1.5
0.7_precision,oslom,0.987633751876,50000.0,1.5,1.5
0.7_recall,blondel,0.166634891241,50000.0,1.5,1.5
0.7_recall,infomap,0.190363721471,50000.0,1.5,1.5
0.7_recall,label_propagation,0.0919551786266,50000.0,1.5,1.5
0.7_recall,mod_opt,0.123315617526,50000.0,1.5,1.5
0.7_recall,oslom,0.168470641887,50000.0,1.5,1.5
0.8_precision,blondel,0.971477051082,50000.0,1.5,1.5
0.8_precision,infomap,0.983656079227,50000.0,1.5,1.5
0.8_precision,label_propagation,0.939678138677,50000.0,1.5,1.5
0.8_precision,mod_opt,0.825838156886,50000.0,1.5,1.5
0.8_precision,oslom,0.987633751876,50000.0,1.5,1.5
0.8_recall,blondel,0.165035245919,50000.0,1.5,1.5
0.8_recall,infomap,0.190363721471,50000.0,1.5,1.5
0.8_recall,label_propagation,0.0919551786266,50000.0,1.5,1.5
0.8_recall,mod_opt,0.116570743642,50000.0,1.5,1.5
0.8_recall,oslom,0.168470641887,50000.0,1.5,1.5
0.9_precision,blondel,0.943236373452,50000.0,1.5,1.5
0.9_precision,infomap,0.968734695579,50000.0,1.5,1.5
0.9_precision,label_propagation,0.928860385993,50000.0,1.5,1.5
0.9_precision,mod_opt,0.805146574573,50000.0,1.5,1.5
0.9_precision,oslom,0.976250318236,50000.0,1.5,1.5
0.9_recall,blondel,0.158426327218,50000.0,1.5,1.5
0.9_recall,infomap,0.188001311174,50000.0,1.5,1.5
0.9_recall,label_propagation,0.0902961535301,50000.0,1.5,1.5
0.9_recall,mod_opt,0.112805924927,50000.0,1.5,1.5
0.9_recall,oslom,0.16560216552,50000.0,1.5,1.5
1.0_precision,blondel,0.628709677419,50000.0,1.5,1.5
1.0_precision,infomap,0.617271407837,50000.0,1.5,1.5
1.0_precision,label_propagation,0.447232947233,50000.0,1.5,1.5
1.0_precision,mod_opt,0.294444444444,50000.0,1.5,1.5
1.0_precision,oslom,0.405956112853,50000.0,1.5,1.5
1.0_recall,blondel,0.097070749464,50000.0,1.5,1.5
1.0_recall,infomap,0.116821718586,50000.0,1.5,1.5
1.0_recall,label_propagation,0.0444197431779,50000.0,1.5,1.5
1.0_recall,mod_opt,0.0401464922907,50000.0,1.5,1.5
1.0_recall,oslom,0.0738018565869,50000.0,1.5,1.5
ANC,blondel,0.956073113208,50000.0,1.5,1.5
ANC,infomap,0.992307692308,50000.0,1.5,1.5
ANC,label_propagation,0.487175707547,50000.0,1.5,1.5
ANC,mod_opt,0.691185141509,50000.0,1.5,1.5
ANC,oslom,0.71197193611,50000.0,1.5,1.5
Adjusted Rand Score,blondel,0.934224888723,50000.0,1.5,1.5
Adjusted Rand Score,infomap,0.991783448015,50000.0,1.5,1.5
Adjusted Rand Score,label_propagation,0.510123698546,50000.0,1.5,1.5
Adjusted Rand Score,mod_opt,0.962520319851,50000.0,1.5,1.5
Adjusted Rand Score,oslom,0.666206554967,50000.0,1.5,1.5
Block_size_median,blondel,90.5,50000.0,1.5,1.5
Block_size_median,infomap,98.5,50000.0,1.5,1.5
Block_size_median,label_propagation,216.0,50000.0,1.5,1.5
Block_size_median,mod_opt,154.25,50000.0,1.5,1.5
Block_size_median,oslom,100.0,50000.0,1.5,1.5
Conductance,blondel,0.29355,50000.0,1.5,1.5
Conductance,gold_standard,0.3101,50000.0,1.5,1.0
Conductance,infomap,0.28845,50000.0,1.5,1.5
Conductance,label_propagation,0.3544,50000.0,1.5,1.5
Conductance,mod_opt,0.3365,50000.0,1.5,1.5
Conductance,oslom,0.23865,50000.0,1.5,1.5
Coverage,blondel,0.5529,50000.0,1.5,1.5
Coverage,gold_standard,0.55055,50000.0,1.5,1.0
Coverage,infomap,0.5504,50000.0,1.5,1.5
Coverage,label_propagation,0.5793,50000.0,1.5,1.5
Coverage,mod_opt,0.55115,50000.0,1.5,1.5
Coverage,oslom,0.376,50000.0,1.5,1.5
Lancichinetti NMI,blondel,0.841003,50000.0,1.5,1.5
Lancichinetti NMI,infomap,0.9101255,50000.0,1.5,1.5
Lancichinetti NMI,label_propagation,0.698924,50000.0,1.5,1.5
Lancichinetti NMI,mod_opt,0.780953,50000.0,1.5,1.5
Lancichinetti NMI,oslom,0.7581065,50000.0,1.5,1.5
Modularity,blondel,0.4841,50000.0,1.5,1.5
Modularity,gold_standard,0.48635,50000.0,1.5,1.0
Modularity,infomap,0.48625,50000.0,1.5,1.5
Modularity,label_propagation,0.45835,50000.0,1.5,1.5
Modularity,mod_opt,0.48605,50000.0,1.5,1.5
Modularity,oslom,0.3489,50000.0,1.5,1.5
NLS,blondel,0.865903112728,50000.0,1.5,1.5
NLS,infomap,0.897554620521,50000.0,1.5,1.5
NLS,label_propagation,0.886903177857,50000.0,1.5,1.5
NLS,mod_opt,0.874694536191,50000.0,1.5,1.5
NLS,oslom,0.804129790765,50000.0,1.5,1.5
Original_block_num,blondel,58.5,50000.0,1.5,1.5
Original_block_num,infomap,58.5,50000.0,1.5,1.5
Original_block_num,label_propagation,58.5,50000.0,1.5,1.5
Original_block_num,mod_opt,58.5,50000.0,1.5,1.5
Original_block_num,oslom,58.5,50000.0,1.5,1.5
Sample_block_num,blondel,56.0,50000.0,1.5,1.5
Sample_block_num,infomap,59.0,50000.0,1.5,1.5
Sample_block_num,label_propagation,29.0,50000.0,1.5,1.5
Sample_block_num,mod_opt,40.5,50000.0,1.5,1.5
Sample_block_num,oslom,82.0,50000.0,1.5,1.5
Scikit-learn NMI,blondel,0.975347171307,50000.0,1.5,1.5
Scikit-learn NMI,infomap,0.992596011513,50000.0,1.5,1.5
Scikit-learn NMI,label_propagation,0.862293189958,50000.0,1.5,1.5
Scikit-learn NMI,mod_opt,0.970924693186,50000.0,1.5,1.5
Scikit-learn NMI,oslom,0.913990442757,50000.0,1.5,1.5
