metric,name,value,n,network_id,clustering_id
0.5_precision,blondel,0.980752850819,90000.0,1.5,1.5
0.5_precision,infomap,0.982774013115,90000.0,1.5,1.5
0.5_precision,label_propagation,0.951897387718,90000.0,1.5,1.5
0.5_precision,mod_opt,0.918296284585,90000.0,1.5,1.5
0.5_precision,oslom,0.978232986116,90000.0,1.5,1.5
0.5_recall,blondel,0.178919441177,90000.0,1.5,1.5
0.5_recall,infomap,0.192744384433,90000.0,1.5,1.5
0.5_recall,label_propagation,0.0904571546212,90000.0,1.5,1.5
0.5_recall,mod_opt,0.135054514198,90000.0,1.5,1.5
0.5_recall,oslom,0.160530543783,90000.0,1.5,1.5
0.6_precision,blondel,0.961565422661,90000.0,1.5,1.5
0.6_precision,infomap,0.982774013115,90000.0,1.5,1.5
0.6_precision,label_propagation,0.951897387718,90000.0,1.5,1.5
0.6_precision,mod_opt,0.900103298466,90000.0,1.5,1.5
0.6_precision,oslom,0.978232986116,90000.0,1.5,1.5
0.6_recall,blondel,0.172340969647,90000.0,1.5,1.5
0.6_recall,infomap,0.192744384433,90000.0,1.5,1.5
0.6_recall,label_propagation,0.0904571546212,90000.0,1.5,1.5
0.6_recall,mod_opt,0.130443761097,90000.0,1.5,1.5
0.6_recall,oslom,0.160530543783,90000.0,1.5,1.5
0.7_precision,blondel,0.961565422661,90000.0,1.5,1.5
0.7_precision,infomap,0.972357346448,90000.0,1.5,1.5
0.7_precision,label_propagation,0.951897387718,90000.0,1.5,1.5
0.7_precision,mod_opt,0.878826140516,90000.0,1.5,1.5
0.7_precision,oslom,0.978232986116,90000.0,1.5,1.5
0.7_recall,blondel,0.172340969647,90000.0,1.5,1.5
0.7_recall,infomap,0.192744384433,90000.0,1.5,1.5
0.7_recall,label_propagation,0.0904571546212,90000.0,1.5,1.5
0.7_recall,mod_opt,0.125836451318,90000.0,1.5,1.5
0.7_recall,oslom,0.160530543783,90000.0,1.5,1.5
0.8_precision,blondel,0.961565422661,90000.0,1.5,1.5
0.8_precision,infomap,0.972357346448,90000.0,1.5,1.5
0.8_precision,label_propagation,0.939405354576,90000.0,1.5,1.5
0.8_precision,mod_opt,0.854236750936,90000.0,1.5,1.5
0.8_precision,oslom,0.974543330944,90000.0,1.5,1.5
0.8_recall,blondel,0.172340969647,90000.0,1.5,1.5
0.8_recall,infomap,0.192744384433,90000.0,1.5,1.5
0.8_recall,label_propagation,0.088830348846,90000.0,1.5,1.5
0.8_recall,mod_opt,0.121246965341,90000.0,1.5,1.5
0.8_recall,oslom,0.158908545238,90000.0,1.5,1.5
0.9_precision,blondel,0.954479406646,90000.0,1.5,1.5
0.9_precision,infomap,0.951707456029,90000.0,1.5,1.5
0.9_precision,label_propagation,0.90838840065,90000.0,1.5,1.5
0.9_precision,mod_opt,0.826172879822,90000.0,1.5,1.5
0.9_precision,oslom,0.960234638596,90000.0,1.5,1.5
0.9_recall,blondel,0.170675678528,90000.0,1.5,1.5
0.9_recall,infomap,0.188830809077,90000.0,1.5,1.5
0.9_recall,label_propagation,0.0856320915794,90000.0,1.5,1.5
0.9_recall,mod_opt,0.11685832594,90000.0,1.5,1.5
0.9_recall,oslom,0.154501974782,90000.0,1.5,1.5
1.0_precision,blondel,0.621327683616,90000.0,1.5,1.5
1.0_precision,infomap,0.468497983871,90000.0,1.5,1.5
1.0_precision,label_propagation,0.5,90000.0,1.5,1.5
1.0_precision,mod_opt,0.367795753286,90000.0,1.5,1.5
1.0_precision,oslom,0.225505617978,90000.0,1.5,1.5
1.0_recall,blondel,0.107520295471,90000.0,1.5,1.5
1.0_recall,infomap,0.090769310774,90000.0,1.5,1.5
1.0_recall,label_propagation,0.0470114435384,90000.0,1.5,1.5
1.0_recall,mod_opt,0.0503396123996,90000.0,1.5,1.5
1.0_recall,oslom,0.0433175205695,90000.0,1.5,1.5
ANC,blondel,0.959677419355,90000.0,1.5,1.5
ANC,infomap,0.984375,90000.0,1.5,1.5
ANC,label_propagation,0.467741935484,90000.0,1.5,1.5
ANC,mod_opt,0.717741935484,90000.0,1.5,1.5
ANC,oslom,0.658314606742,90000.0,1.5,1.5
Adjusted Rand Score,blondel,0.944679370194,90000.0,1.5,1.5
Adjusted Rand Score,infomap,0.992227684291,90000.0,1.5,1.5
Adjusted Rand Score,label_propagation,0.504299362816,90000.0,1.5,1.5
Adjusted Rand Score,mod_opt,0.983848264733,90000.0,1.5,1.5
Adjusted Rand Score,oslom,0.606046759761,90000.0,1.5,1.5
Block_size_median,blondel,94.5,90000.0,1.5,1.5
Block_size_median,infomap,105.0,90000.0,1.5,1.5
Block_size_median,label_propagation,346.0,90000.0,1.5,1.5
Block_size_median,mod_opt,251.25,90000.0,1.5,1.5
Block_size_median,oslom,141.75,90000.0,1.5,1.5
Conductance,blondel,0.29965,90000.0,1.5,1.5
Conductance,gold_standard,0.31015,90000.0,1.5,1.0
Conductance,infomap,0.27995,90000.0,1.5,1.5
Conductance,label_propagation,0.35665,90000.0,1.5,1.5
Conductance,mod_opt,0.3324,90000.0,1.5,1.5
Conductance,oslom,0.2205,90000.0,1.5,1.5
Coverage,blondel,0.55885,90000.0,1.5,1.5
Coverage,gold_standard,0.5563,90000.0,1.5,1.0
Coverage,infomap,0.55615,90000.0,1.5,1.5
Coverage,label_propagation,0.59125,90000.0,1.5,1.5
Coverage,mod_opt,0.55645,90000.0,1.5,1.5
Coverage,oslom,0.3578,90000.0,1.5,1.5
Lancichinetti NMI,blondel,0.875451,90000.0,1.5,1.5
Lancichinetti NMI,infomap,0.887761,90000.0,1.5,1.5
Lancichinetti NMI,label_propagation,0.69964,90000.0,1.5,1.5
Lancichinetti NMI,mod_opt,0.7877755,90000.0,1.5,1.5
Lancichinetti NMI,oslom,0.6862965,90000.0,1.5,1.5
Modularity,blondel,0.49615,90000.0,1.5,1.5
Modularity,gold_standard,0.49905,90000.0,1.5,1.0
Modularity,infomap,0.4989,90000.0,1.5,1.5
Modularity,label_propagation,0.46225,90000.0,1.5,1.5
Modularity,mod_opt,0.49885,90000.0,1.5,1.5
Modularity,oslom,0.33445,90000.0,1.5,1.5
NLS,blondel,0.896467451409,90000.0,1.5,1.5
NLS,infomap,0.9132264229,90000.0,1.5,1.5
NLS,label_propagation,0.910270253686,90000.0,1.5,1.5
NLS,mod_opt,0.892824716144,90000.0,1.5,1.5
NLS,oslom,0.788855898749,90000.0,1.5,1.5
Original_block_num,blondel,62.0,90000.0,1.5,1.5
Original_block_num,infomap,62.0,90000.0,1.5,1.5
Original_block_num,label_propagation,62.0,90000.0,1.5,1.5
Original_block_num,mod_opt,62.0,90000.0,1.5,1.5
Original_block_num,oslom,62.0,90000.0,1.5,1.5
Sample_block_num,blondel,59.5,90000.0,1.5,1.5
Sample_block_num,infomap,63.0,90000.0,1.5,1.5
Sample_block_num,label_propagation,29.0,90000.0,1.5,1.5
Sample_block_num,mod_opt,44.5,90000.0,1.5,1.5
Sample_block_num,oslom,94.5,90000.0,1.5,1.5
Scikit-learn NMI,blondel,0.980117863505,90000.0,1.5,1.5
Scikit-learn NMI,infomap,0.992411920432,90000.0,1.5,1.5
Scikit-learn NMI,label_propagation,0.87121470041,90000.0,1.5,1.5
Scikit-learn NMI,mod_opt,0.981287277356,90000.0,1.5,1.5
Scikit-learn NMI,oslom,0.887048907962,90000.0,1.5,1.5
