metric,name,n,value,network_id,clustering_id
0.5_precision,blondel,10000,0.99246717552,1.5,1.5
0.5_precision,blondel,30000,0.99240853901,1.5,1.5
0.5_precision,blondel,50000,0.983049440643,1.5,1.5
0.5_precision,blondel,70000,0.990646987634,1.5,1.5
0.5_precision,blondel,90000,0.980752850819,1.5,1.5
0.5_precision,infomap,10000,0.996852268214,1.5,1.5
0.5_precision,infomap,30000,0.980212546862,1.5,1.5
0.5_precision,infomap,50000,0.983656079227,1.5,1.5
0.5_precision,infomap,70000,0.964257824008,1.5,1.5
0.5_precision,infomap,90000,0.982774013115,1.5,1.5
0.5_precision,label_propagation,10000,0.880144883021,1.5,1.5
0.5_precision,label_propagation,30000,0.946095061752,1.5,1.5
0.5_precision,label_propagation,50000,0.946777403841,1.5,1.5
0.5_precision,label_propagation,70000,0.933388531718,1.5,1.5
0.5_precision,label_propagation,90000,0.951897387718,1.5,1.5
0.5_precision,mod_opt,10000,0.913916124211,1.5,1.5
0.5_precision,mod_opt,30000,0.925270238176,1.5,1.5
0.5_precision,mod_opt,50000,0.919719359471,1.5,1.5
0.5_precision,mod_opt,70000,0.903675534797,1.5,1.5
0.5_precision,mod_opt,90000,0.918296284585,1.5,1.5
0.5_precision,oslom,10000,0.994813495415,1.5,1.5
0.5_precision,oslom,30000,0.98817112879,1.5,1.5
0.5_precision,oslom,50000,0.987633751876,1.5,1.5
0.5_precision,oslom,70000,0.979517206032,1.5,1.5
0.5_precision,oslom,90000,0.978232986116,1.5,1.5
0.5_recall,blondel,10000,0.186336634061,1.5,1.5
0.5_recall,blondel,30000,0.178321472314,1.5,1.5
0.5_recall,blondel,50000,0.168533259108,1.5,1.5
0.5_recall,blondel,70000,0.178033706707,1.5,1.5
0.5_recall,blondel,90000,0.178919441177,1.5,1.5
0.5_recall,infomap,10000,0.193114915269,1.5,1.5
0.5_recall,infomap,30000,0.192545457969,1.5,1.5
0.5_recall,infomap,50000,0.190363721471,1.5,1.5
0.5_recall,infomap,70000,0.192537156835,1.5,1.5
0.5_recall,infomap,90000,0.192744384433,1.5,1.5
0.5_recall,label_propagation,10000,0.103598194899,1.5,1.5
0.5_recall,label_propagation,30000,0.117987254437,1.5,1.5
0.5_recall,label_propagation,50000,0.0934925060144,1.5,1.5
0.5_recall,label_propagation,70000,0.0833273625289,1.5,1.5
0.5_recall,label_propagation,90000,0.0904571546212,1.5,1.5
0.5_recall,mod_opt,10000,0.15584981502,1.5,1.5
0.5_recall,mod_opt,30000,0.138679336964,1.5,1.5
0.5_recall,mod_opt,50000,0.136130471255,1.5,1.5
0.5_recall,mod_opt,70000,0.122930247843,1.5,1.5
0.5_recall,mod_opt,90000,0.135054514198,1.5,1.5
0.5_recall,oslom,10000,0.186072062626,1.5,1.5
0.5_recall,oslom,30000,0.17614096827,1.5,1.5
0.5_recall,oslom,50000,0.168470641887,1.5,1.5
0.5_recall,oslom,70000,0.162169397275,1.5,1.5
0.5_recall,oslom,90000,0.160530543783,1.5,1.5
0.6_precision,blondel,10000,0.99246717552,1.5,1.5
0.6_precision,blondel,30000,0.99240853901,1.5,1.5
0.6_precision,blondel,50000,0.977875939065,1.5,1.5
0.6_precision,blondel,70000,0.986499966997,1.5,1.5
0.6_precision,blondel,90000,0.961565422661,1.5,1.5
0.6_precision,infomap,10000,0.996852268214,1.5,1.5
0.6_precision,infomap,30000,0.980212546862,1.5,1.5
0.6_precision,infomap,50000,0.983656079227,1.5,1.5
0.6_precision,infomap,70000,0.964257824008,1.5,1.5
0.6_precision,infomap,90000,0.982774013115,1.5,1.5
0.6_precision,label_propagation,10000,0.865683792717,1.5,1.5
0.6_precision,label_propagation,30000,0.946095061752,1.5,1.5
0.6_precision,label_propagation,50000,0.939678138677,1.5,1.5
0.6_precision,label_propagation,70000,0.933388531718,1.5,1.5
0.6_precision,label_propagation,90000,0.951897387718,1.5,1.5
0.6_precision,mod_opt,10000,0.913916124211,1.5,1.5
0.6_precision,mod_opt,30000,0.915331400255,1.5,1.5
0.6_precision,mod_opt,50000,0.879498847226,1.5,1.5
0.6_precision,mod_opt,70000,0.888428670285,1.5,1.5
0.6_precision,mod_opt,90000,0.900103298466,1.5,1.5
0.6_precision,oslom,10000,0.994813495415,1.5,1.5
0.6_precision,oslom,30000,0.98817112879,1.5,1.5
0.6_precision,oslom,50000,0.987633751876,1.5,1.5
0.6_precision,oslom,70000,0.979517206032,1.5,1.5
0.6_precision,oslom,90000,0.978232986116,1.5,1.5
0.6_recall,blondel,10000,0.186336634061,1.5,1.5
0.6_recall,blondel,30000,0.178321472314,1.5,1.5
0.6_recall,blondel,50000,0.166634891241,1.5,1.5
0.6_recall,blondel,70000,0.176699823885,1.5,1.5
0.6_recall,blondel,90000,0.172340969647,1.5,1.5
0.6_recall,infomap,10000,0.193114915269,1.5,1.5
0.6_recall,infomap,30000,0.192545457969,1.5,1.5
0.6_recall,infomap,50000,0.190363721471,1.5,1.5
0.6_recall,infomap,70000,0.192537156835,1.5,1.5
0.6_recall,infomap,90000,0.192744384433,1.5,1.5
0.6_recall,label_propagation,10000,0.0998418442343,1.5,1.5
0.6_recall,label_propagation,30000,0.117987254437,1.5,1.5
0.6_recall,label_propagation,50000,0.0919551786266,1.5,1.5
0.6_recall,label_propagation,70000,0.0833273625289,1.5,1.5
0.6_recall,label_propagation,90000,0.0904571546212,1.5,1.5
0.6_recall,mod_opt,10000,0.15584981502,1.5,1.5
0.6_recall,mod_opt,30000,0.136040064592,1.5,1.5
0.6_recall,mod_opt,50000,0.126685229192,1.5,1.5
0.6_recall,mod_opt,70000,0.120424489376,1.5,1.5
0.6_recall,mod_opt,90000,0.130443761097,1.5,1.5
0.6_recall,oslom,10000,0.186072062626,1.5,1.5
0.6_recall,oslom,30000,0.17614096827,1.5,1.5
0.6_recall,oslom,50000,0.168470641887,1.5,1.5
0.6_recall,oslom,70000,0.162169397275,1.5,1.5
0.6_recall,oslom,90000,0.160530543783,1.5,1.5
0.7_precision,blondel,10000,0.99246717552,1.5,1.5
0.7_precision,blondel,30000,0.99240853901,1.5,1.5
0.7_precision,blondel,50000,0.977875939065,1.5,1.5
0.7_precision,blondel,70000,0.981694241026,1.5,1.5
0.7_precision,blondel,90000,0.961565422661,1.5,1.5
0.7_precision,infomap,10000,0.996852268214,1.5,1.5
0.7_precision,infomap,30000,0.980212546862,1.5,1.5
0.7_precision,infomap,50000,0.983656079227,1.5,1.5
0.7_precision,infomap,70000,0.964257824008,1.5,1.5
0.7_precision,infomap,90000,0.972357346448,1.5,1.5
0.7_precision,label_propagation,10000,0.865683792717,1.5,1.5
0.7_precision,label_propagation,30000,0.923642619235,1.5,1.5
0.7_precision,label_propagation,50000,0.939678138677,1.5,1.5
0.7_precision,label_propagation,70000,0.925291467009,1.5,1.5
0.7_precision,label_propagation,90000,0.951897387718,1.5,1.5
0.7_precision,mod_opt,10000,0.890237646972,1.5,1.5
0.7_precision,mod_opt,30000,0.870791035366,1.5,1.5
0.7_precision,mod_opt,50000,0.86413798372,1.5,1.5
0.7_precision,mod_opt,70000,0.870812552779,1.5,1.5
0.7_precision,mod_opt,90000,0.878826140516,1.5,1.5
0.7_precision,oslom,10000,0.994813495415,1.5,1.5
0.7_precision,oslom,30000,0.98817112879,1.5,1.5
0.7_precision,oslom,50000,0.987633751876,1.5,1.5
0.7_precision,oslom,70000,0.979517206032,1.5,1.5
0.7_precision,oslom,90000,0.978232986116,1.5,1.5
0.7_recall,blondel,10000,0.186336634061,1.5,1.5
0.7_recall,blondel,30000,0.178321472314,1.5,1.5
0.7_recall,blondel,50000,0.166634891241,1.5,1.5
0.7_recall,blondel,70000,0.175315944607,1.5,1.5
0.7_recall,blondel,90000,0.172340969647,1.5,1.5
0.7_recall,infomap,10000,0.193114915269,1.5,1.5
0.7_recall,infomap,30000,0.192545457969,1.5,1.5
0.7_recall,infomap,50000,0.190363721471,1.5,1.5
0.7_recall,infomap,70000,0.192537156835,1.5,1.5
0.7_recall,infomap,90000,0.192744384433,1.5,1.5
0.7_recall,label_propagation,10000,0.0998418442343,1.5,1.5
0.7_recall,label_propagation,30000,0.113417594235,1.5,1.5
0.7_recall,label_propagation,50000,0.0919551786266,1.5,1.5
0.7_recall,label_propagation,70000,0.0819934797073,1.5,1.5
0.7_recall,label_propagation,90000,0.0904571546212,1.5,1.5
0.7_recall,mod_opt,10000,0.151589161781,1.5,1.5
0.7_recall,mod_opt,30000,0.127345909763,1.5,1.5
0.7_recall,mod_opt,50000,0.123315617526,1.5,1.5
0.7_recall,mod_opt,70000,0.117620984152,1.5,1.5
0.7_recall,mod_opt,90000,0.125836451318,1.5,1.5
0.7_recall,oslom,10000,0.186072062626,1.5,1.5
0.7_recall,oslom,30000,0.17614096827,1.5,1.5
0.7_recall,oslom,50000,0.168470641887,1.5,1.5
0.7_recall,oslom,70000,0.162169397275,1.5,1.5
0.7_recall,oslom,90000,0.160530543783,1.5,1.5
0.8_precision,blondel,10000,0.99246717552,1.5,1.5
0.8_precision,blondel,30000,0.99240853901,1.5,1.5
0.8_precision,blondel,50000,0.971477051082,1.5,1.5
0.8_precision,blondel,70000,0.981694241026,1.5,1.5
0.8_precision,blondel,90000,0.961565422661,1.5,1.5
0.8_precision,infomap,10000,0.996852268214,1.5,1.5
0.8_precision,infomap,30000,0.980212546862,1.5,1.5
0.8_precision,infomap,50000,0.983656079227,1.5,1.5
0.8_precision,infomap,70000,0.964257824008,1.5,1.5
0.8_precision,infomap,90000,0.972357346448,1.5,1.5
0.8_precision,label_propagation,10000,0.826463432642,1.5,1.5
0.8_precision,label_propagation,30000,0.910729926645,1.5,1.5
0.8_precision,label_propagation,50000,0.939678138677,1.5,1.5
0.8_precision,label_propagation,70000,0.925291467009,1.5,1.5
0.8_precision,label_propagation,90000,0.939405354576,1.5,1.5
0.8_precision,mod_opt,10000,0.877549677048,1.5,1.5
0.8_precision,mod_opt,30000,0.870791035366,1.5,1.5
0.8_precision,mod_opt,50000,0.825838156886,1.5,1.5
0.8_precision,mod_opt,70000,0.870812552779,1.5,1.5
0.8_precision,mod_opt,90000,0.854236750936,1.5,1.5
0.8_precision,oslom,10000,0.994813495415,1.5,1.5
0.8_precision,oslom,30000,0.98817112879,1.5,1.5
0.8_precision,oslom,50000,0.987633751876,1.5,1.5
0.8_precision,oslom,70000,0.979517206032,1.5,1.5
0.8_precision,oslom,90000,0.974543330944,1.5,1.5
0.8_recall,blondel,10000,0.186336634061,1.5,1.5
0.8_recall,blondel,30000,0.178321472314,1.5,1.5
0.8_recall,blondel,50000,0.165035245919,1.5,1.5
0.8_recall,blondel,70000,0.175315944607,1.5,1.5
0.8_recall,blondel,90000,0.172340969647,1.5,1.5
0.8_recall,infomap,10000,0.193114915269,1.5,1.5
0.8_recall,infomap,30000,0.192545457969,1.5,1.5
0.8_recall,infomap,50000,0.190363721471,1.5,1.5
0.8_recall,infomap,70000,0.192537156835,1.5,1.5
0.8_recall,infomap,90000,0.192744384433,1.5,1.5
0.8_recall,label_propagation,10000,0.0928192971497,1.5,1.5
0.8_recall,label_propagation,30000,0.111025249737,1.5,1.5
0.8_recall,label_propagation,50000,0.0919551786266,1.5,1.5
0.8_recall,label_propagation,70000,0.0819934797073,1.5,1.5
0.8_recall,label_propagation,90000,0.088830348846,1.5,1.5
0.8_recall,mod_opt,10000,0.148443775015,1.5,1.5
0.8_recall,mod_opt,30000,0.127345909763,1.5,1.5
0.8_recall,mod_opt,50000,0.116570743642,1.5,1.5
0.8_recall,mod_opt,70000,0.117620984152,1.5,1.5
0.8_recall,mod_opt,90000,0.121246965341,1.5,1.5
0.8_recall,oslom,10000,0.186072062626,1.5,1.5
0.8_recall,oslom,30000,0.17614096827,1.5,1.5
0.8_recall,oslom,50000,0.168470641887,1.5,1.5
0.8_recall,oslom,70000,0.162169397275,1.5,1.5
0.8_recall,oslom,90000,0.158908545238,1.5,1.5
0.9_precision,blondel,10000,0.9662331121,1.5,1.5
0.9_precision,blondel,30000,0.964070759333,1.5,1.5
0.9_precision,blondel,50000,0.943236373452,1.5,1.5
0.9_precision,blondel,70000,0.981694241026,1.5,1.5
0.9_precision,blondel,90000,0.954479406646,1.5,1.5
0.9_precision,infomap,10000,0.996852268214,1.5,1.5
0.9_precision,infomap,30000,0.980212546862,1.5,1.5
0.9_precision,infomap,50000,0.968734695579,1.5,1.5
0.9_precision,infomap,70000,0.944946851264,1.5,1.5
0.9_precision,infomap,90000,0.951707456029,1.5,1.5
0.9_precision,label_propagation,10000,0.802591904864,1.5,1.5
0.9_precision,label_propagation,30000,0.834508362808,1.5,1.5
0.9_precision,label_propagation,50000,0.928860385993,1.5,1.5
0.9_precision,label_propagation,70000,0.925291467009,1.5,1.5
0.9_precision,label_propagation,90000,0.90838840065,1.5,1.5
0.9_precision,mod_opt,10000,0.862658497208,1.5,1.5
0.9_precision,mod_opt,30000,0.749759767309,1.5,1.5
0.9_precision,mod_opt,50000,0.805146574573,1.5,1.5
0.9_precision,mod_opt,70000,0.835625631365,1.5,1.5
0.9_precision,mod_opt,90000,0.826172879822,1.5,1.5
0.9_precision,oslom,10000,0.994813495415,1.5,1.5
0.9_precision,oslom,30000,0.981095657092,1.5,1.5
0.9_precision,oslom,50000,0.976250318236,1.5,1.5
0.9_precision,oslom,70000,0.969480288634,1.5,1.5
0.9_precision,oslom,90000,0.960234638596,1.5,1.5
0.9_recall,blondel,10000,0.180552774233,1.5,1.5
0.9_recall,blondel,30000,0.171696652234,1.5,1.5
0.9_recall,blondel,50000,0.158426327218,1.5,1.5
0.9_recall,blondel,70000,0.175315944607,1.5,1.5
0.9_recall,blondel,90000,0.170675678528,1.5,1.5
0.9_recall,infomap,10000,0.193114915269,1.5,1.5
0.9_recall,infomap,30000,0.192545457969,1.5,1.5
0.9_recall,infomap,50000,0.188001311174,1.5,1.5
0.9_recall,infomap,70000,0.190397627905,1.5,1.5
0.9_recall,infomap,90000,0.188830809077,1.5,1.5
0.9_recall,label_propagation,10000,0.0892875434735,1.5,1.5
0.9_recall,label_propagation,30000,0.0997403965416,1.5,1.5
0.9_recall,label_propagation,50000,0.0902961535301,1.5,1.5
0.9_recall,label_propagation,70000,0.0819934797073,1.5,1.5
0.9_recall,label_propagation,90000,0.0856320915794,1.5,1.5
0.9_recall,mod_opt,10000,0.145376290352,1.5,1.5
0.9_recall,mod_opt,30000,0.107432006617,1.5,1.5
0.9_recall,mod_opt,50000,0.112805924927,1.5,1.5
0.9_recall,mod_opt,70000,0.113435335982,1.5,1.5
0.9_recall,mod_opt,90000,0.11685832594,1.5,1.5
0.9_recall,oslom,10000,0.186072062626,1.5,1.5
0.9_recall,oslom,30000,0.174068283139,1.5,1.5
0.9_recall,oslom,50000,0.16560216552,1.5,1.5
0.9_recall,oslom,70000,0.158730118338,1.5,1.5
0.9_recall,oslom,90000,0.154501974782,1.5,1.5
1.0_precision,blondel,10000,0.854323308271,1.5,1.5
1.0_precision,blondel,30000,0.733333333333,1.5,1.5
1.0_precision,blondel,50000,0.628709677419,1.5,1.5
1.0_precision,blondel,70000,0.519937275986,1.5,1.5
1.0_precision,blondel,90000,0.621327683616,1.5,1.5
1.0_precision,infomap,10000,0.875773651636,1.5,1.5
1.0_precision,infomap,30000,0.620265151515,1.5,1.5
1.0_precision,infomap,50000,0.617271407837,1.5,1.5
1.0_precision,infomap,70000,0.414473684211,1.5,1.5
1.0_precision,infomap,90000,0.468497983871,1.5,1.5
1.0_precision,label_propagation,10000,0.583333333333,1.5,1.5
1.0_precision,label_propagation,30000,0.506631299735,1.5,1.5
1.0_precision,label_propagation,50000,0.447232947233,1.5,1.5
1.0_precision,label_propagation,70000,0.365909090909,1.5,1.5
1.0_precision,label_propagation,90000,0.5,1.5,1.5
1.0_precision,mod_opt,10000,0.596560846561,1.5,1.5
1.0_precision,mod_opt,30000,0.295454545455,1.5,1.5
1.0_precision,mod_opt,50000,0.294444444444,1.5,1.5
1.0_precision,mod_opt,70000,0.188108108108,1.5,1.5
1.0_precision,mod_opt,90000,0.367795753286,1.5,1.5
1.0_precision,oslom,10000,0.837959489872,1.5,1.5
1.0_precision,oslom,30000,0.490662139219,1.5,1.5
1.0_precision,oslom,50000,0.405956112853,1.5,1.5
1.0_precision,oslom,70000,0.249687239366,1.5,1.5
1.0_precision,oslom,90000,0.225505617978,1.5,1.5
1.0_recall,blondel,10000,0.159510408981,1.5,1.5
1.0_recall,blondel,30000,0.124389190962,1.5,1.5
1.0_recall,blondel,50000,0.097070749464,1.5,1.5
1.0_recall,blondel,70000,0.0835835316505,1.5,1.5
1.0_recall,blondel,90000,0.107520295471,1.5,1.5
1.0_recall,infomap,10000,0.169738149401,1.5,1.5
1.0_recall,infomap,30000,0.11887363101,1.5,1.5
1.0_recall,infomap,50000,0.116821718586,1.5,1.5
1.0_recall,infomap,70000,0.0813682396826,1.5,1.5
1.0_recall,infomap,90000,0.090769310774,1.5,1.5
1.0_recall,label_propagation,10000,0.0639138421861,1.5,1.5
1.0_recall,label_propagation,30000,0.0597906200361,1.5,1.5
1.0_recall,label_propagation,50000,0.0444197431779,1.5,1.5
1.0_recall,label_propagation,70000,0.0356358508852,1.5,1.5
1.0_recall,label_propagation,90000,0.0470114435384,1.5,1.5
1.0_recall,mod_opt,10000,0.101108607958,1.5,1.5
1.0_recall,mod_opt,30000,0.0426168086561,1.5,1.5
1.0_recall,mod_opt,50000,0.0401464922907,1.5,1.5
1.0_recall,mod_opt,70000,0.0250221898741,1.5,1.5
1.0_recall,mod_opt,90000,0.0503396123996,1.5,1.5
1.0_recall,oslom,10000,0.15666109246,1.5,1.5
1.0_recall,oslom,30000,0.0762990832853,1.5,1.5
1.0_recall,oslom,50000,0.0738018565869,1.5,1.5
1.0_recall,oslom,70000,0.0410125704375,1.5,1.5
1.0_recall,oslom,90000,0.0433175205695,1.5,1.5
ANC,blondel,10000,0.969938107869,1.5,1.5
ANC,blondel,30000,0.967612293144,1.5,1.5
ANC,blondel,50000,0.956073113208,1.5,1.5
ANC,blondel,70000,0.98,1.5,1.5
ANC,blondel,90000,0.959677419355,1.5,1.5
ANC,infomap,10000,1.0,1.5,1.5
ANC,infomap,30000,0.989583333333,1.5,1.5
ANC,infomap,50000,0.992307692308,1.5,1.5
ANC,infomap,70000,0.977796052632,1.5,1.5
ANC,infomap,90000,0.984375,1.5,1.5
ANC,label_propagation,10000,0.541114058355,1.5,1.5
ANC,label_propagation,30000,0.606141199226,1.5,1.5
ANC,label_propagation,50000,0.487175707547,1.5,1.5
ANC,label_propagation,70000,0.444086021505,1.5,1.5
ANC,label_propagation,90000,0.467741935484,1.5,1.5
ANC,mod_opt,10000,0.828912466844,1.5,1.5
ANC,mod_opt,30000,0.69414893617,1.5,1.5
ANC,mod_opt,50000,0.691185141509,1.5,1.5
ANC,mod_opt,70000,0.649892473118,1.5,1.5
ANC,mod_opt,90000,0.717741935484,1.5,1.5
ANC,oslom,10000,0.921230307577,1.5,1.5
ANC,oslom,30000,0.764997170345,1.5,1.5
ANC,oslom,50000,0.71197193611,1.5,1.5
ANC,oslom,70000,0.69630942452,1.5,1.5
ANC,oslom,90000,0.658314606742,1.5,1.5
Adjusted Rand Score,blondel,10000,0.978620079632,1.5,1.5
Adjusted Rand Score,blondel,30000,0.977005140444,1.5,1.5
Adjusted Rand Score,blondel,50000,0.934224888723,1.5,1.5
Adjusted Rand Score,blondel,70000,0.941032008807,1.5,1.5
Adjusted Rand Score,blondel,90000,0.944679370194,1.5,1.5
Adjusted Rand Score,infomap,10000,0.996557532262,1.5,1.5
Adjusted Rand Score,infomap,30000,0.99200576894,1.5,1.5
Adjusted Rand Score,infomap,50000,0.991783448015,1.5,1.5
Adjusted Rand Score,infomap,70000,0.989885510203,1.5,1.5
Adjusted Rand Score,infomap,90000,0.992227684291,1.5,1.5
Adjusted Rand Score,label_propagation,10000,0.666203289621,1.5,1.5
Adjusted Rand Score,label_propagation,30000,0.752721175627,1.5,1.5
Adjusted Rand Score,label_propagation,50000,0.510123698546,1.5,1.5
Adjusted Rand Score,label_propagation,70000,0.476259039149,1.5,1.5
Adjusted Rand Score,label_propagation,90000,0.504299362816,1.5,1.5
Adjusted Rand Score,mod_opt,10000,0.968641336247,1.5,1.5
Adjusted Rand Score,mod_opt,30000,0.953433364574,1.5,1.5
Adjusted Rand Score,mod_opt,50000,0.962520319851,1.5,1.5
Adjusted Rand Score,mod_opt,70000,0.95253098935,1.5,1.5
Adjusted Rand Score,mod_opt,90000,0.983848264733,1.5,1.5
Adjusted Rand Score,oslom,10000,0.917983350281,1.5,1.5
Adjusted Rand Score,oslom,30000,0.714912408627,1.5,1.5
Adjusted Rand Score,oslom,50000,0.666206554967,1.5,1.5
Adjusted Rand Score,oslom,70000,0.705940040088,1.5,1.5
Adjusted Rand Score,oslom,90000,0.606046759761,1.5,1.5
Block_size_median,blondel,10000,37.5,1.5,1.5
Block_size_median,blondel,30000,72.5,1.5,1.5
Block_size_median,blondel,50000,90.5,1.5,1.5
Block_size_median,blondel,70000,155.75,1.5,1.5
Block_size_median,blondel,90000,94.5,1.5,1.5
Block_size_median,infomap,10000,35.5,1.5,1.5
Block_size_median,infomap,30000,71.25,1.5,1.5
Block_size_median,infomap,50000,98.5,1.5,1.5
Block_size_median,infomap,70000,154.5,1.5,1.5
Block_size_median,infomap,90000,105.0,1.5,1.5
Block_size_median,label_propagation,10000,98.0,1.5,1.5
Block_size_median,label_propagation,30000,133.5,1.5,1.5
Block_size_median,label_propagation,50000,216.0,1.5,1.5
Block_size_median,label_propagation,70000,423.5,1.5,1.5
Block_size_median,label_propagation,90000,346.0,1.5,1.5
Block_size_median,mod_opt,10000,61.0,1.5,1.5
Block_size_median,mod_opt,30000,135.75,1.5,1.5
Block_size_median,mod_opt,50000,154.25,1.5,1.5
Block_size_median,mod_opt,70000,366.5,1.5,1.5
Block_size_median,mod_opt,90000,251.25,1.5,1.5
Block_size_median,oslom,10000,38.5,1.5,1.5
Block_size_median,oslom,30000,81.5,1.5,1.5
Block_size_median,oslom,50000,100.0,1.5,1.5
Block_size_median,oslom,70000,159.25,1.5,1.5
Block_size_median,oslom,90000,141.75,1.5,1.5
Conductance,blondel,10000,0.31045,1.5,1.5
Conductance,blondel,30000,0.2961,1.5,1.5
Conductance,blondel,50000,0.29355,1.5,1.5
Conductance,blondel,70000,0.29505,1.5,1.5
Conductance,blondel,90000,0.29965,1.5,1.5
Conductance,gold_standard,10000,0.3148,1.5,1.0
Conductance,gold_standard,30000,0.3153,1.5,1.0
Conductance,gold_standard,50000,0.3101,1.5,1.0
Conductance,gold_standard,70000,0.32055,1.5,1.0
Conductance,gold_standard,90000,0.31015,1.5,1.0
Conductance,infomap,10000,0.315,1.5,1.5
Conductance,infomap,30000,0.307,1.5,1.5
Conductance,infomap,50000,0.28845,1.5,1.5
Conductance,infomap,70000,0.26355,1.5,1.5
Conductance,infomap,90000,0.27995,1.5,1.5
Conductance,label_propagation,10000,0.3509,1.5,1.5
Conductance,label_propagation,30000,0.3474,1.5,1.5
Conductance,label_propagation,50000,0.3544,1.5,1.5
Conductance,label_propagation,70000,0.3688,1.5,1.5
Conductance,label_propagation,90000,0.35665,1.5,1.5
Conductance,mod_opt,10000,0.32845,1.5,1.5
Conductance,mod_opt,30000,0.3429,1.5,1.5
Conductance,mod_opt,50000,0.3365,1.5,1.5
Conductance,mod_opt,70000,0.3547,1.5,1.5
Conductance,mod_opt,90000,0.3324,1.5,1.5
Conductance,oslom,10000,0.2936,1.5,1.5
Conductance,oslom,30000,0.2546,1.5,1.5
Conductance,oslom,50000,0.23865,1.5,1.5
Conductance,oslom,70000,0.23945,1.5,1.5
Conductance,oslom,90000,0.2205,1.5,1.5
Coverage,blondel,10000,0.53915,1.5,1.5
Coverage,blondel,30000,0.55165,1.5,1.5
Coverage,blondel,50000,0.5529,1.5,1.5
Coverage,blondel,70000,0.5626,1.5,1.5
Coverage,blondel,90000,0.55885,1.5,1.5
Coverage,gold_standard,10000,0.5382,1.5,1.0
Coverage,gold_standard,30000,0.551,1.5,1.0
Coverage,gold_standard,50000,0.55055,1.5,1.0
Coverage,gold_standard,70000,0.5603,1.5,1.0
Coverage,gold_standard,90000,0.5563,1.5,1.0
Coverage,infomap,10000,0.5383,1.5,1.5
Coverage,infomap,30000,0.5509,1.5,1.5
Coverage,infomap,50000,0.5504,1.5,1.5
Coverage,infomap,70000,0.56015,1.5,1.5
Coverage,infomap,90000,0.55615,1.5,1.5
Coverage,label_propagation,10000,0.55745,1.5,1.5
Coverage,label_propagation,30000,0.5605,1.5,1.5
Coverage,label_propagation,50000,0.5793,1.5,1.5
Coverage,label_propagation,70000,0.6041,1.5,1.5
Coverage,label_propagation,90000,0.59125,1.5,1.5
Coverage,mod_opt,10000,0.5394,1.5,1.5
Coverage,mod_opt,30000,0.552,1.5,1.5
Coverage,mod_opt,50000,0.55115,1.5,1.5
Coverage,mod_opt,70000,0.56125,1.5,1.5
Coverage,mod_opt,90000,0.55645,1.5,1.5
Coverage,oslom,10000,0.48835,1.5,1.5
Coverage,oslom,30000,0.39255,1.5,1.5
Coverage,oslom,50000,0.376,1.5,1.5
Coverage,oslom,70000,0.3804,1.5,1.5
Coverage,oslom,90000,0.3578,1.5,1.5
Lancichinetti NMI,blondel,10000,0.952458,1.5,1.5
Lancichinetti NMI,blondel,30000,0.8781925,1.5,1.5
Lancichinetti NMI,blondel,50000,0.841003,1.5,1.5
Lancichinetti NMI,blondel,70000,0.8529455,1.5,1.5
Lancichinetti NMI,blondel,90000,0.875451,1.5,1.5
Lancichinetti NMI,infomap,10000,0.990734,1.5,1.5
Lancichinetti NMI,infomap,30000,0.9462635,1.5,1.5
Lancichinetti NMI,infomap,50000,0.9101255,1.5,1.5
Lancichinetti NMI,infomap,70000,0.832108,1.5,1.5
Lancichinetti NMI,infomap,90000,0.887761,1.5,1.5
Lancichinetti NMI,label_propagation,10000,0.695948,1.5,1.5
Lancichinetti NMI,label_propagation,30000,0.757985,1.5,1.5
Lancichinetti NMI,label_propagation,50000,0.698924,1.5,1.5
Lancichinetti NMI,label_propagation,70000,0.6816235,1.5,1.5
Lancichinetti NMI,label_propagation,90000,0.69964,1.5,1.5
Lancichinetti NMI,mod_opt,10000,0.856207,1.5,1.5
Lancichinetti NMI,mod_opt,30000,0.7815035,1.5,1.5
Lancichinetti NMI,mod_opt,50000,0.780953,1.5,1.5
Lancichinetti NMI,mod_opt,70000,0.7681075,1.5,1.5
Lancichinetti NMI,mod_opt,90000,0.7877755,1.5,1.5
Lancichinetti NMI,oslom,10000,0.9385135,1.5,1.5
Lancichinetti NMI,oslom,30000,0.8198275,1.5,1.5
Lancichinetti NMI,oslom,50000,0.7581065,1.5,1.5
Lancichinetti NMI,oslom,70000,0.721371,1.5,1.5
Lancichinetti NMI,oslom,90000,0.6862965,1.5,1.5
Modularity,blondel,10000,0.4704,1.5,1.5
Modularity,blondel,30000,0.48505,1.5,1.5
Modularity,blondel,50000,0.4841,1.5,1.5
Modularity,blondel,70000,0.48785,1.5,1.5
Modularity,blondel,90000,0.49615,1.5,1.5
Modularity,gold_standard,10000,0.47065,1.5,1.0
Modularity,gold_standard,30000,0.4855,1.5,1.0
Modularity,gold_standard,50000,0.48635,1.5,1.0
Modularity,gold_standard,70000,0.4905,1.5,1.0
Modularity,gold_standard,90000,0.49905,1.5,1.0
Modularity,infomap,10000,0.4707,1.5,1.5
Modularity,infomap,30000,0.4854,1.5,1.5
Modularity,infomap,50000,0.48625,1.5,1.5
Modularity,infomap,70000,0.4903,1.5,1.5
Modularity,infomap,90000,0.4989,1.5,1.5
Modularity,label_propagation,10000,0.456,1.5,1.5
Modularity,label_propagation,30000,0.4778,1.5,1.5
Modularity,label_propagation,50000,0.45835,1.5,1.5
Modularity,label_propagation,70000,0.4444,1.5,1.5
Modularity,label_propagation,90000,0.46225,1.5,1.5
Modularity,mod_opt,10000,0.4709,1.5,1.5
Modularity,mod_opt,30000,0.4851,1.5,1.5
Modularity,mod_opt,50000,0.48605,1.5,1.5
Modularity,mod_opt,70000,0.48985,1.5,1.5
Modularity,mod_opt,90000,0.49885,1.5,1.5
Modularity,oslom,10000,0.43265,1.5,1.5
Modularity,oslom,30000,0.361,1.5,1.5
Modularity,oslom,50000,0.3489,1.5,1.5
Modularity,oslom,70000,0.3484,1.5,1.5
Modularity,oslom,90000,0.33445,1.5,1.5
NLS,blondel,10000,0.854267279012,1.5,1.5
NLS,blondel,30000,0.877802959463,1.5,1.5
NLS,blondel,50000,0.865903112728,1.5,1.5
NLS,blondel,70000,0.872370653115,1.5,1.5
NLS,blondel,90000,0.896467451409,1.5,1.5
NLS,infomap,10000,0.858575811057,1.5,1.5
NLS,infomap,30000,0.898801139912,1.5,1.5
NLS,infomap,50000,0.897554620521,1.5,1.5
NLS,infomap,70000,0.904977750244,1.5,1.5
NLS,infomap,90000,0.9132264229,1.5,1.5
NLS,label_propagation,10000,0.847770457112,1.5,1.5
NLS,label_propagation,30000,0.889180607593,1.5,1.5
NLS,label_propagation,50000,0.886903177857,1.5,1.5
NLS,label_propagation,70000,0.889526662653,1.5,1.5
NLS,label_propagation,90000,0.910270253686,1.5,1.5
NLS,mod_opt,10000,0.85041134587,1.5,1.5
NLS,mod_opt,30000,0.89207103913,1.5,1.5
NLS,mod_opt,50000,0.874694536191,1.5,1.5
NLS,mod_opt,70000,0.889103577787,1.5,1.5
NLS,mod_opt,90000,0.892824716144,1.5,1.5
NLS,oslom,10000,0.837578560313,1.5,1.5
NLS,oslom,30000,0.825807917378,1.5,1.5
NLS,oslom,50000,0.804129790765,1.5,1.5
NLS,oslom,70000,0.801188670558,1.5,1.5
NLS,oslom,90000,0.788855898749,1.5,1.5
Original_block_num,blondel,10000,34.0,1.5,1.5
Original_block_num,blondel,30000,45.5,1.5,1.5
Original_block_num,blondel,50000,58.5,1.5,1.5
Original_block_num,blondel,70000,53.0,1.5,1.5
Original_block_num,blondel,90000,62.0,1.5,1.5
Original_block_num,infomap,10000,34.0,1.5,1.5
Original_block_num,infomap,30000,45.5,1.5,1.5
Original_block_num,infomap,50000,58.5,1.5,1.5
Original_block_num,infomap,70000,53.0,1.5,1.5
Original_block_num,infomap,90000,62.0,1.5,1.5
Original_block_num,label_propagation,10000,34.0,1.5,1.5
Original_block_num,label_propagation,30000,45.5,1.5,1.5
Original_block_num,label_propagation,50000,58.5,1.5,1.5
Original_block_num,label_propagation,70000,53.0,1.5,1.5
Original_block_num,label_propagation,90000,62.0,1.5,1.5
Original_block_num,mod_opt,10000,34.0,1.5,1.5
Original_block_num,mod_opt,30000,45.5,1.5,1.5
Original_block_num,mod_opt,50000,58.5,1.5,1.5
Original_block_num,mod_opt,70000,53.0,1.5,1.5
Original_block_num,mod_opt,90000,62.0,1.5,1.5
Original_block_num,oslom,10000,34.0,1.5,1.5
Original_block_num,oslom,30000,45.5,1.5,1.5
Original_block_num,oslom,50000,58.5,1.5,1.5
Original_block_num,oslom,70000,53.0,1.5,1.5
Original_block_num,oslom,90000,62.0,1.5,1.5
Sample_block_num,blondel,10000,33.0,1.5,1.5
Sample_block_num,blondel,30000,45.0,1.5,1.5
Sample_block_num,blondel,50000,56.0,1.5,1.5
Sample_block_num,blondel,70000,51.5,1.5,1.5
Sample_block_num,blondel,90000,59.5,1.5,1.5
Sample_block_num,infomap,10000,34.0,1.5,1.5
Sample_block_num,infomap,30000,46.0,1.5,1.5
Sample_block_num,infomap,50000,59.0,1.5,1.5
Sample_block_num,infomap,70000,54.0,1.5,1.5
Sample_block_num,infomap,90000,63.0,1.5,1.5
Sample_block_num,label_propagation,10000,18.0,1.5,1.5
Sample_block_num,label_propagation,30000,27.5,1.5,1.5
Sample_block_num,label_propagation,50000,29.0,1.5,1.5
Sample_block_num,label_propagation,70000,25.5,1.5,1.5
Sample_block_num,label_propagation,90000,29.0,1.5,1.5
Sample_block_num,mod_opt,10000,27.5,1.5,1.5
Sample_block_num,mod_opt,30000,31.5,1.5,1.5
Sample_block_num,mod_opt,50000,40.5,1.5,1.5
Sample_block_num,mod_opt,70000,31.0,1.5,1.5
Sample_block_num,mod_opt,90000,44.5,1.5,1.5
Sample_block_num,oslom,10000,37.0,1.5,1.5
Sample_block_num,oslom,30000,59.5,1.5,1.5
Sample_block_num,oslom,50000,82.0,1.5,1.5
Sample_block_num,oslom,70000,76.5,1.5,1.5
Sample_block_num,oslom,90000,94.5,1.5,1.5
Scikit-learn NMI,blondel,10000,0.990596266631,1.5,1.5
Scikit-learn NMI,blondel,30000,0.985928617885,1.5,1.5
Scikit-learn NMI,blondel,50000,0.975347171307,1.5,1.5
Scikit-learn NMI,blondel,70000,0.979815167329,1.5,1.5
Scikit-learn NMI,blondel,90000,0.980117863505,1.5,1.5
Scikit-learn NMI,infomap,10000,0.996624275216,1.5,1.5
Scikit-learn NMI,infomap,30000,0.992082959633,1.5,1.5
Scikit-learn NMI,infomap,50000,0.992596011513,1.5,1.5
Scikit-learn NMI,infomap,70000,0.989306357055,1.5,1.5
Scikit-learn NMI,infomap,90000,0.992411920432,1.5,1.5
Scikit-learn NMI,label_propagation,10000,0.882798465712,1.5,1.5
Scikit-learn NMI,label_propagation,30000,0.920597330803,1.5,1.5
Scikit-learn NMI,label_propagation,50000,0.862293189958,1.5,1.5
Scikit-learn NMI,label_propagation,70000,0.824302674563,1.5,1.5
Scikit-learn NMI,label_propagation,90000,0.87121470041,1.5,1.5
Scikit-learn NMI,mod_opt,10000,0.97775403218,1.5,1.5
Scikit-learn NMI,mod_opt,30000,0.968579322643,1.5,1.5
Scikit-learn NMI,mod_opt,50000,0.970924693186,1.5,1.5
Scikit-learn NMI,mod_opt,70000,0.967168096368,1.5,1.5
Scikit-learn NMI,mod_opt,90000,0.981287277356,1.5,1.5
Scikit-learn NMI,oslom,10000,0.973239936788,1.5,1.5
Scikit-learn NMI,oslom,30000,0.924862435142,1.5,1.5
Scikit-learn NMI,oslom,50000,0.913990442757,1.5,1.5
Scikit-learn NMI,oslom,70000,0.900130100222,1.5,1.5
Scikit-learn NMI,oslom,90000,0.887048907962,1.5,1.5
