metric,name,value,n,network_id,clustering_id
0.5_precision,blondel,0.983355043084,90000.0,1.5,1.5
0.5_precision,infomap,0.982111301082,90000.0,1.5,1.5
0.5_precision,label_propagation,0.485067132321,90000.0,1.5,1.5
0.5_precision,mod_opt,0.946539421527,90000.0,1.5,1.5
0.5_precision,oslom,0.978100152469,90000.0,1.5,1.5
0.5_recall,blondel,0.17549915525,90000.0,1.5,1.5
0.5_recall,infomap,0.190501257323,90000.0,1.5,1.5
0.5_recall,label_propagation,0.0697376302843,90000.0,1.5,1.5
0.5_recall,mod_opt,0.133553562293,90000.0,1.5,1.5
0.5_recall,oslom,0.163794107212,90000.0,1.5,1.5
0.6_precision,blondel,0.978331497872,90000.0,1.5,1.5
0.6_precision,infomap,0.982111301082,90000.0,1.5,1.5
0.6_precision,label_propagation,0.485067132321,90000.0,1.5,1.5
0.6_precision,mod_opt,0.94066946367,90000.0,1.5,1.5
0.6_precision,oslom,0.978100152469,90000.0,1.5,1.5
0.6_recall,blondel,0.173829758041,90000.0,1.5,1.5
0.6_recall,infomap,0.190501257323,90000.0,1.5,1.5
0.6_recall,label_propagation,0.0697376302843,90000.0,1.5,1.5
0.6_recall,mod_opt,0.131624015489,90000.0,1.5,1.5
0.6_recall,oslom,0.163794107212,90000.0,1.5,1.5
0.7_precision,blondel,0.972652700327,90000.0,1.5,1.5
0.7_precision,infomap,0.982111301082,90000.0,1.5,1.5
0.7_precision,label_propagation,0.485067132321,90000.0,1.5,1.5
0.7_precision,mod_opt,0.894433992026,90000.0,1.5,1.5
0.7_precision,oslom,0.978100152469,90000.0,1.5,1.5
0.7_recall,blondel,0.172216854815,90000.0,1.5,1.5
0.7_recall,infomap,0.190501257323,90000.0,1.5,1.5
0.7_recall,label_propagation,0.0697376302843,90000.0,1.5,1.5
0.7_recall,mod_opt,0.12205749971,90000.0,1.5,1.5
0.7_recall,oslom,0.163794107212,90000.0,1.5,1.5
0.8_precision,blondel,0.959290672908,90000.0,1.5,1.5
0.8_precision,infomap,0.982111301082,90000.0,1.5,1.5
0.8_precision,label_propagation,0.485067132321,90000.0,1.5,1.5
0.8_precision,mod_opt,0.885605320698,90000.0,1.5,1.5
0.8_precision,oslom,0.978100152469,90000.0,1.5,1.5
0.8_recall,blondel,0.16893998935,90000.0,1.5,1.5
0.8_recall,infomap,0.190501257323,90000.0,1.5,1.5
0.8_recall,label_propagation,0.0697376302843,90000.0,1.5,1.5
0.8_recall,mod_opt,0.120477449023,90000.0,1.5,1.5
0.8_recall,oslom,0.163794107212,90000.0,1.5,1.5
0.9_precision,blondel,0.945412933662,90000.0,1.5,1.5
0.9_precision,infomap,0.975308579994,90000.0,1.5,1.5
0.9_precision,label_propagation,0.475184946662,90000.0,1.5,1.5
0.9_precision,mod_opt,0.82523797328,90000.0,1.5,1.5
0.9_precision,oslom,0.964455451083,90000.0,1.5,1.5
0.9_recall,blondel,0.165759922211,90000.0,1.5,1.5
0.9_recall,infomap,0.189681137039,90000.0,1.5,1.5
0.9_recall,label_propagation,0.0680984462038,90000.0,1.5,1.5
0.9_recall,mod_opt,0.110627710375,90000.0,1.5,1.5
0.9_recall,oslom,0.158569062622,90000.0,1.5,1.5
1.0_precision,blondel,0.653880463872,90000.0,1.5,1.5
1.0_precision,infomap,0.504365079365,90000.0,1.5,1.5
1.0_precision,label_propagation,0.3,90000.0,1.5,1.5
1.0_precision,mod_opt,0.246590909091,90000.0,1.5,1.5
1.0_precision,oslom,0.221742543171,90000.0,1.5,1.5
1.0_recall,blondel,0.111048767494,90000.0,1.5,1.5
1.0_recall,infomap,0.094936226786,90000.0,1.5,1.5
1.0_recall,label_propagation,0.0423087353822,90000.0,1.5,1.5
1.0_recall,mod_opt,0.0316200449839,90000.0,1.5,1.5
1.0_recall,oslom,0.0399828202547,90000.0,1.5,1.5
ANC,blondel,0.935483870968,90000.0,1.5,1.5
ANC,infomap,0.975934459805,90000.0,1.5,1.5
ANC,label_propagation,0.370967741935,90000.0,1.5,1.5
ANC,mod_opt,0.677419354839,90000.0,1.5,1.5
ANC,oslom,0.656985871272,90000.0,1.5,1.5
Adjusted Rand Score,blondel,0.939950728707,90000.0,1.5,1.5
Adjusted Rand Score,infomap,0.993503855172,90000.0,1.5,1.5
Adjusted Rand Score,label_propagation,0.454888932733,90000.0,1.5,1.5
Adjusted Rand Score,mod_opt,0.981834911731,90000.0,1.5,1.5
Adjusted Rand Score,oslom,0.639931370495,90000.0,1.5,1.5
Block_size_median,blondel,87.0,90000.0,1.5,1.5
Block_size_median,infomap,117.5,90000.0,1.5,1.5
Block_size_median,label_propagation,9093.5,90000.0,1.5,1.5
Block_size_median,mod_opt,288.75,90000.0,1.5,1.5
Block_size_median,oslom,134.0,90000.0,1.5,1.5
Conductance,blondel,0.2983,90000.0,1.5,1.5
Conductance,gold_standard,0.3092,90000.0,1.5,1.0
Conductance,infomap,0.2784,90000.0,1.5,1.5
Conductance,label_propagation,0.16575,90000.0,1.5,1.5
Conductance,mod_opt,0.33735,90000.0,1.5,1.5
Conductance,oslom,0.22285,90000.0,1.5,1.5
Coverage,blondel,0.55915,90000.0,1.5,1.5
Coverage,gold_standard,0.5567,90000.0,1.5,1.0
Coverage,infomap,0.5566,90000.0,1.5,1.5
Coverage,label_propagation,0.7815,90000.0,1.5,1.5
Coverage,mod_opt,0.5569,90000.0,1.5,1.5
Coverage,oslom,0.36815,90000.0,1.5,1.5
Lancichinetti NMI,blondel,0.874396,90000.0,1.5,1.5
Lancichinetti NMI,infomap,0.8792245,90000.0,1.5,1.5
Lancichinetti NMI,label_propagation,0.41704,90000.0,1.5,1.5
Lancichinetti NMI,mod_opt,0.7746155,90000.0,1.5,1.5
Lancichinetti NMI,oslom,0.713798,90000.0,1.5,1.5
Modularity,blondel,0.49695,90000.0,1.5,1.5
Modularity,gold_standard,0.4994,90000.0,1.5,1.0
Modularity,infomap,0.4993,90000.0,1.5,1.5
Modularity,label_propagation,0.2503,90000.0,1.5,1.5
Modularity,mod_opt,0.49925,90000.0,1.5,1.5
Modularity,oslom,0.3425,90000.0,1.5,1.5
NLS,blondel,0.888238432578,90000.0,1.5,1.5
NLS,infomap,0.895492575703,90000.0,1.5,1.5
NLS,label_propagation,0.899256865781,90000.0,1.5,1.5
NLS,mod_opt,0.884717306735,90000.0,1.5,1.5
NLS,oslom,0.775026274787,90000.0,1.5,1.5
Original_block_num,blondel,62.0,90000.0,1.5,1.5
Original_block_num,infomap,62.0,90000.0,1.5,1.5
Original_block_num,label_propagation,62.0,90000.0,1.5,1.5
Original_block_num,mod_opt,62.0,90000.0,1.5,1.5
Original_block_num,oslom,62.0,90000.0,1.5,1.5
Sample_block_num,blondel,58.0,90000.0,1.5,1.5
Sample_block_num,infomap,61.5,90000.0,1.5,1.5
Sample_block_num,label_propagation,23.0,90000.0,1.5,1.5
Sample_block_num,mod_opt,42.0,90000.0,1.5,1.5
Sample_block_num,oslom,94.5,90000.0,1.5,1.5
Scikit-learn NMI,blondel,0.977653208177,90000.0,1.5,1.5
Scikit-learn NMI,infomap,0.993314724733,90000.0,1.5,1.5
Scikit-learn NMI,label_propagation,0.480242023999,90000.0,1.5,1.5
Scikit-learn NMI,mod_opt,0.980517052709,90000.0,1.5,1.5
Scikit-learn NMI,oslom,0.893045691829,90000.0,1.5,1.5
