metric,name,value,n,network_id,clustering_id
0.5_precision,blondel,0.992184534958,10000.0,1.5,1.5
0.5_precision,infomap,0.997355682148,10000.0,1.5,1.5
0.5_precision,label_propagation,0.92095387903,10000.0,1.5,1.5
0.5_precision,mod_opt,0.879794876685,10000.0,1.5,1.5
0.5_precision,oslom,0.992934530154,10000.0,1.5,1.5
0.5_recall,blondel,0.181928156128,10000.0,1.5,1.5
0.5_recall,infomap,0.188934207303,10000.0,1.5,1.5
0.5_recall,label_propagation,0.117089809239,10000.0,1.5,1.5
0.5_recall,mod_opt,0.138631633754,10000.0,1.5,1.5
0.5_recall,oslom,0.180087072635,10000.0,1.5,1.5
0.6_precision,blondel,0.992184534958,10000.0,1.5,1.5
0.6_precision,infomap,0.997355682148,10000.0,1.5,1.5
0.6_precision,label_propagation,0.909020484025,10000.0,1.5,1.5
0.6_precision,mod_opt,0.847769744296,10000.0,1.5,1.5
0.6_precision,oslom,0.992934530154,10000.0,1.5,1.5
0.6_recall,blondel,0.181928156128,10000.0,1.5,1.5
0.6_recall,infomap,0.188934207303,10000.0,1.5,1.5
0.6_recall,label_propagation,0.114671905505,10000.0,1.5,1.5
0.6_recall,mod_opt,0.130553059034,10000.0,1.5,1.5
0.6_recall,oslom,0.180087072635,10000.0,1.5,1.5
0.7_precision,blondel,0.992184534958,10000.0,1.5,1.5
0.7_precision,infomap,0.997355682148,10000.0,1.5,1.5
0.7_precision,label_propagation,0.909020484025,10000.0,1.5,1.5
0.7_precision,mod_opt,0.824704268106,10000.0,1.5,1.5
0.7_precision,oslom,0.992934530154,10000.0,1.5,1.5
0.7_recall,blondel,0.181928156128,10000.0,1.5,1.5
0.7_recall,infomap,0.188934207303,10000.0,1.5,1.5
0.7_recall,label_propagation,0.114671905505,10000.0,1.5,1.5
0.7_recall,mod_opt,0.12529703034,10000.0,1.5,1.5
0.7_recall,oslom,0.180087072635,10000.0,1.5,1.5
0.8_precision,blondel,0.992184534958,10000.0,1.5,1.5
0.8_precision,infomap,0.997355682148,10000.0,1.5,1.5
0.8_precision,label_propagation,0.909020484025,10000.0,1.5,1.5
0.8_precision,mod_opt,0.806686250088,10000.0,1.5,1.5
0.8_precision,oslom,0.992934530154,10000.0,1.5,1.5
0.8_recall,blondel,0.181928156128,10000.0,1.5,1.5
0.8_recall,infomap,0.188934207303,10000.0,1.5,1.5
0.8_recall,label_propagation,0.114671905505,10000.0,1.5,1.5
0.8_recall,mod_opt,0.122976075433,10000.0,1.5,1.5
0.8_recall,oslom,0.180087072635,10000.0,1.5,1.5
0.9_precision,blondel,0.992184534958,10000.0,1.5,1.5
0.9_precision,infomap,0.997355682148,10000.0,1.5,1.5
0.9_precision,label_propagation,0.844579996699,10000.0,1.5,1.5
0.9_precision,mod_opt,0.769835072569,10000.0,1.5,1.5
0.9_precision,oslom,0.992934530154,10000.0,1.5,1.5
0.9_recall,blondel,0.181928156128,10000.0,1.5,1.5
0.9_recall,infomap,0.188934207303,10000.0,1.5,1.5
0.9_recall,label_propagation,0.104623434501,10000.0,1.5,1.5
0.9_recall,mod_opt,0.116790083516,10000.0,1.5,1.5
0.9_recall,oslom,0.180087072635,10000.0,1.5,1.5
1.0_precision,blondel,0.709165154265,10000.0,1.5,1.5
1.0_precision,infomap,0.854111405836,10000.0,1.5,1.5
1.0_precision,label_propagation,0.588164251208,10000.0,1.5,1.5
1.0_precision,mod_opt,0.428571428571,10000.0,1.5,1.5
1.0_precision,oslom,0.672093023256,10000.0,1.5,1.5
1.0_recall,blondel,0.124331461854,10000.0,1.5,1.5
1.0_recall,infomap,0.159236085914,10000.0,1.5,1.5
1.0_recall,label_propagation,0.0720165003411,10000.0,1.5,1.5
1.0_recall,mod_opt,0.0638377614742,10000.0,1.5,1.5
1.0_recall,oslom,0.126142380952,10000.0,1.5,1.5
ANC,blondel,0.987179487179,10000.0,1.5,1.5
ANC,infomap,1.0,10000.0,1.5,1.5
ANC,label_propagation,0.605216622458,10000.0,1.5,1.5
ANC,mod_opt,0.721043324492,10000.0,1.5,1.5
ANC,oslom,0.936821705426,10000.0,1.5,1.5
Adjusted Rand Score,blondel,0.985176624774,10000.0,1.5,1.5
Adjusted Rand Score,infomap,0.994808601585,10000.0,1.5,1.5
Adjusted Rand Score,label_propagation,0.737900828702,10000.0,1.5,1.5
Adjusted Rand Score,mod_opt,0.95357234468,10000.0,1.5,1.5
Adjusted Rand Score,oslom,0.923603385451,10000.0,1.5,1.5
Block_size_median,blondel,41.0,10000.0,1.5,1.5
Block_size_median,infomap,40.5,10000.0,1.5,1.5
Block_size_median,label_propagation,80.5,10000.0,1.5,1.5
Block_size_median,mod_opt,71.75,10000.0,1.5,1.5
Block_size_median,oslom,46.75,10000.0,1.5,1.5
Conductance,blondel,0.3011,10000.0,1.5,1.5
Conductance,gold_standard,0.30985,10000.0,1.5,1.0
Conductance,infomap,0.31025,10000.0,1.5,1.5
Conductance,label_propagation,0.349,10000.0,1.5,1.5
Conductance,mod_opt,0.33825,10000.0,1.5,1.5
Conductance,oslom,0.2919,10000.0,1.5,1.5
Coverage,blondel,0.54,10000.0,1.5,1.5
Coverage,gold_standard,0.5395,10000.0,1.5,1.0
Coverage,infomap,0.5396,10000.0,1.5,1.5
Coverage,label_propagation,0.55215,10000.0,1.5,1.5
Coverage,mod_opt,0.5413,10000.0,1.5,1.5
Coverage,oslom,0.49235,10000.0,1.5,1.5
Lancichinetti NMI,blondel,0.910971,10000.0,1.5,1.5
Lancichinetti NMI,infomap,0.9871925,10000.0,1.5,1.5
Lancichinetti NMI,label_propagation,0.7429945,10000.0,1.5,1.5
Lancichinetti NMI,mod_opt,0.781958,10000.0,1.5,1.5
Lancichinetti NMI,oslom,0.9196945,10000.0,1.5,1.5
Modularity,blondel,0.4709,10000.0,1.5,1.5
Modularity,gold_standard,0.47075,10000.0,1.5,1.0
Modularity,infomap,0.47085,10000.0,1.5,1.5
Modularity,label_propagation,0.4619,10000.0,1.5,1.5
Modularity,mod_opt,0.47115,10000.0,1.5,1.5
Modularity,oslom,0.43495,10000.0,1.5,1.5
NLS,blondel,0.832180719567,10000.0,1.5,1.5
NLS,infomap,0.855495679246,10000.0,1.5,1.5
NLS,label_propagation,0.83911132027,10000.0,1.5,1.5
NLS,mod_opt,0.835923586345,10000.0,1.5,1.5
NLS,oslom,0.821172791125,10000.0,1.5,1.5
Original_block_num,blondel,34.0,10000.0,1.5,1.5
Original_block_num,infomap,34.0,10000.0,1.5,1.5
Original_block_num,label_propagation,34.0,10000.0,1.5,1.5
Original_block_num,mod_opt,34.0,10000.0,1.5,1.5
Original_block_num,oslom,34.0,10000.0,1.5,1.5
Sample_block_num,blondel,33.5,10000.0,1.5,1.5
Sample_block_num,infomap,34.0,10000.0,1.5,1.5
Sample_block_num,label_propagation,20.5,10000.0,1.5,1.5
Sample_block_num,mod_opt,24.5,10000.0,1.5,1.5
Sample_block_num,oslom,36.5,10000.0,1.5,1.5
Scikit-learn NMI,blondel,0.987120829548,10000.0,1.5,1.5
Scikit-learn NMI,infomap,0.995429728107,10000.0,1.5,1.5
Scikit-learn NMI,label_propagation,0.914877929045,10000.0,1.5,1.5
Scikit-learn NMI,mod_opt,0.96526864532,10000.0,1.5,1.5
Scikit-learn NMI,oslom,0.969667358545,10000.0,1.5,1.5
