metric,name,value,n,network_id,clustering_id
0.5_precision,blondel,0.989826935386,70000.0,1.5,1.5
0.5_precision,infomap,0.981002104399,70000.0,1.5,1.5
0.5_precision,label_propagation,0.472537897747,70000.0,1.5,1.5
0.5_precision,mod_opt,0.896183650562,70000.0,1.5,1.5
0.5_precision,oslom,0.973344458918,70000.0,1.5,1.5
0.5_recall,blondel,0.182964349321,70000.0,1.5,1.5
0.5_recall,infomap,0.192427618209,70000.0,1.5,1.5
0.5_recall,label_propagation,0.0613337607588,70000.0,1.5,1.5
0.5_recall,mod_opt,0.112075358493,70000.0,1.5,1.5
0.5_recall,oslom,0.164698858369,70000.0,1.5,1.5
0.6_precision,blondel,0.989826935386,70000.0,1.5,1.5
0.6_precision,infomap,0.981002104399,70000.0,1.5,1.5
0.6_precision,label_propagation,0.444995308279,70000.0,1.5,1.5
0.6_precision,mod_opt,0.873784633153,70000.0,1.5,1.5
0.6_precision,oslom,0.973344458918,70000.0,1.5,1.5
0.6_recall,blondel,0.182964349321,70000.0,1.5,1.5
0.6_recall,infomap,0.192427618209,70000.0,1.5,1.5
0.6_recall,label_propagation,0.0549738462393,70000.0,1.5,1.5
0.6_recall,mod_opt,0.10821917184,70000.0,1.5,1.5
0.6_recall,oslom,0.164698858369,70000.0,1.5,1.5
0.7_precision,blondel,0.985255485663,70000.0,1.5,1.5
0.7_precision,infomap,0.981002104399,70000.0,1.5,1.5
0.7_precision,label_propagation,0.444995308279,70000.0,1.5,1.5
0.7_precision,mod_opt,0.865061572018,70000.0,1.5,1.5
0.7_precision,oslom,0.973344458918,70000.0,1.5,1.5
0.7_recall,blondel,0.181561139549,70000.0,1.5,1.5
0.7_recall,infomap,0.192427618209,70000.0,1.5,1.5
0.7_recall,label_propagation,0.0549738462393,70000.0,1.5,1.5
0.7_recall,mod_opt,0.106850175579,70000.0,1.5,1.5
0.7_recall,oslom,0.164698858369,70000.0,1.5,1.5
0.8_precision,blondel,0.985255485663,70000.0,1.5,1.5
0.8_precision,infomap,0.981002104399,70000.0,1.5,1.5
0.8_precision,label_propagation,0.444995308279,70000.0,1.5,1.5
0.8_precision,mod_opt,0.844414544467,70000.0,1.5,1.5
0.8_precision,oslom,0.973344458918,70000.0,1.5,1.5
0.8_recall,blondel,0.181561139549,70000.0,1.5,1.5
0.8_recall,infomap,0.192427618209,70000.0,1.5,1.5
0.8_recall,label_propagation,0.0549738462393,70000.0,1.5,1.5
0.8_recall,mod_opt,0.104171531514,70000.0,1.5,1.5
0.8_recall,oslom,0.164698858369,70000.0,1.5,1.5
0.9_precision,blondel,0.971648332827,70000.0,1.5,1.5
0.9_precision,infomap,0.960929160764,70000.0,1.5,1.5
0.9_precision,label_propagation,0.444995308279,70000.0,1.5,1.5
0.9_precision,mod_opt,0.821888938545,70000.0,1.5,1.5
0.9_precision,oslom,0.957133026622,70000.0,1.5,1.5
0.9_recall,blondel,0.178326699068,70000.0,1.5,1.5
0.9_recall,infomap,0.188721657156,70000.0,1.5,1.5
0.9_recall,label_propagation,0.0549738462393,70000.0,1.5,1.5
0.9_recall,mod_opt,0.101655659238,70000.0,1.5,1.5
0.9_recall,oslom,0.163193612203,70000.0,1.5,1.5
1.0_precision,blondel,0.582863849765,70000.0,1.5,1.5
1.0_precision,infomap,0.447156196944,70000.0,1.5,1.5
1.0_precision,label_propagation,0.184210526316,70000.0,1.5,1.5
1.0_precision,mod_opt,0.258373205742,70000.0,1.5,1.5
1.0_precision,oslom,0.179238237491,70000.0,1.5,1.5
1.0_recall,blondel,0.102840663073,70000.0,1.5,1.5
1.0_recall,infomap,0.0850209578507,70000.0,1.5,1.5
1.0_recall,label_propagation,0.0225177307058,70000.0,1.5,1.5
1.0_recall,mod_opt,0.0285833713764,70000.0,1.5,1.5
1.0_recall,oslom,0.0352670186636,70000.0,1.5,1.5
ANC,blondel,0.957204301075,70000.0,1.5,1.5
ANC,infomap,0.993421052632,70000.0,1.5,1.5
ANC,label_propagation,0.31311827957,70000.0,1.5,1.5
ANC,mod_opt,0.608172043011,70000.0,1.5,1.5
ANC,oslom,0.66215459298,70000.0,1.5,1.5
Adjusted Rand Score,blondel,0.974163270895,70000.0,1.5,1.5
Adjusted Rand Score,infomap,0.990956054536,70000.0,1.5,1.5
Adjusted Rand Score,label_propagation,0.372323459618,70000.0,1.5,1.5
Adjusted Rand Score,mod_opt,0.929419023072,70000.0,1.5,1.5
Adjusted Rand Score,oslom,0.675292550858,70000.0,1.5,1.5
Block_size_median,blondel,171.25,70000.0,1.5,1.5
Block_size_median,infomap,152.0,70000.0,1.5,1.5
Block_size_median,label_propagation,7281.5,70000.0,1.5,1.5
Block_size_median,mod_opt,433.75,70000.0,1.5,1.5
Block_size_median,oslom,147.0,70000.0,1.5,1.5
Conductance,blondel,0.31995,70000.0,1.5,1.5
Conductance,gold_standard,0.321,70000.0,1.5,1.0
Conductance,infomap,0.28255,70000.0,1.5,1.5
Conductance,label_propagation,0.4382,70000.0,1.5,1.5
Conductance,mod_opt,0.35455,70000.0,1.5,1.5
Conductance,oslom,0.2323,70000.0,1.5,1.5
Coverage,blondel,0.5612,70000.0,1.5,1.5
Coverage,gold_standard,0.56005,70000.0,1.5,1.0
Coverage,infomap,0.5599,70000.0,1.5,1.5
Coverage,label_propagation,0.7878,70000.0,1.5,1.5
Coverage,mod_opt,0.56215,70000.0,1.5,1.5
Coverage,oslom,0.3804,70000.0,1.5,1.5
Lancichinetti NMI,blondel,0.926691,70000.0,1.5,1.5
Lancichinetti NMI,infomap,0.8696185,70000.0,1.5,1.5
Lancichinetti NMI,label_propagation,0.4536695,70000.0,1.5,1.5
Lancichinetti NMI,mod_opt,0.7452855,70000.0,1.5,1.5
Lancichinetti NMI,oslom,0.7161585,70000.0,1.5,1.5
Modularity,blondel,0.49,70000.0,1.5,1.5
Modularity,gold_standard,0.49085,70000.0,1.5,1.0
Modularity,infomap,0.4908,70000.0,1.5,1.5
Modularity,label_propagation,0.23745,70000.0,1.5,1.5
Modularity,mod_opt,0.4894,70000.0,1.5,1.5
Modularity,oslom,0.34845,70000.0,1.5,1.5
NLS,blondel,0.909416598683,70000.0,1.5,1.5
NLS,infomap,0.917577733271,70000.0,1.5,1.5
NLS,label_propagation,0.917934056548,70000.0,1.5,1.5
NLS,mod_opt,0.906918384575,70000.0,1.5,1.5
NLS,oslom,0.800735413413,70000.0,1.5,1.5
Original_block_num,blondel,53.0,70000.0,1.5,1.5
Original_block_num,infomap,53.0,70000.0,1.5,1.5
Original_block_num,label_propagation,53.0,70000.0,1.5,1.5
Original_block_num,mod_opt,53.0,70000.0,1.5,1.5
Original_block_num,oslom,53.0,70000.0,1.5,1.5
Sample_block_num,blondel,50.5,70000.0,1.5,1.5
Sample_block_num,infomap,53.5,70000.0,1.5,1.5
Sample_block_num,label_propagation,10.0,70000.0,1.5,1.5
Sample_block_num,mod_opt,30.0,70000.0,1.5,1.5
Sample_block_num,oslom,77.5,70000.0,1.5,1.5
Scikit-learn NMI,blondel,0.986733283484,70000.0,1.5,1.5
Scikit-learn NMI,infomap,0.990364562166,70000.0,1.5,1.5
Scikit-learn NMI,label_propagation,0.464381853204,70000.0,1.5,1.5
Scikit-learn NMI,mod_opt,0.959701546423,70000.0,1.5,1.5
Scikit-learn NMI,oslom,0.893137075322,70000.0,1.5,1.5
