metric,name,n,value,network_id,clustering_id
0.5_precision,blondel,10000,0.992184534958,1.5,1.5
0.5_precision,blondel,30000,0.99229532708,1.5,1.5
0.5_precision,blondel,50000,0.9757844134,1.5,1.5
0.5_precision,blondel,70000,0.989826935386,1.5,1.5
0.5_precision,blondel,90000,0.983355043084,1.5,1.5
0.5_precision,infomap,10000,0.997355682148,1.5,1.5
0.5_precision,infomap,30000,0.993825378893,1.5,1.5
0.5_precision,infomap,50000,0.977276754931,1.5,1.5
0.5_precision,infomap,70000,0.981002104399,1.5,1.5
0.5_precision,infomap,90000,0.982111301082,1.5,1.5
0.5_precision,label_propagation,10000,0.92095387903,1.5,1.5
0.5_precision,label_propagation,30000,0.888832174669,1.5,1.5
0.5_precision,label_propagation,50000,0.463644995788,1.5,1.5
0.5_precision,label_propagation,70000,0.472537897747,1.5,1.5
0.5_precision,label_propagation,90000,0.485067132321,1.5,1.5
0.5_precision,mod_opt,10000,0.879794876685,1.5,1.5
0.5_precision,mod_opt,30000,0.926841241785,1.5,1.5
0.5_precision,mod_opt,50000,0.902979802095,1.5,1.5
0.5_precision,mod_opt,70000,0.896183650562,1.5,1.5
0.5_precision,mod_opt,90000,0.946539421527,1.5,1.5
0.5_precision,oslom,10000,0.992934530154,1.5,1.5
0.5_precision,oslom,30000,0.983751924905,1.5,1.5
0.5_precision,oslom,50000,0.981398844653,1.5,1.5
0.5_precision,oslom,70000,0.973344458918,1.5,1.5
0.5_precision,oslom,90000,0.978100152469,1.5,1.5
0.5_recall,blondel,10000,0.181928156128,1.5,1.5
0.5_recall,blondel,30000,0.184314330846,1.5,1.5
0.5_recall,blondel,50000,0.168876840217,1.5,1.5
0.5_recall,blondel,70000,0.182964349321,1.5,1.5
0.5_recall,blondel,90000,0.17549915525,1.5,1.5
0.5_recall,infomap,10000,0.188934207303,1.5,1.5
0.5_recall,infomap,30000,0.194338771987,1.5,1.5
0.5_recall,infomap,50000,0.192803517412,1.5,1.5
0.5_recall,infomap,70000,0.192427618209,1.5,1.5
0.5_recall,infomap,90000,0.190501257323,1.5,1.5
0.5_recall,label_propagation,10000,0.117089809239,1.5,1.5
0.5_recall,label_propagation,30000,0.071866515579,1.5,1.5
0.5_recall,label_propagation,50000,0.0469830922851,1.5,1.5
0.5_recall,label_propagation,70000,0.0613337607588,1.5,1.5
0.5_recall,label_propagation,90000,0.0697376302843,1.5,1.5
0.5_recall,mod_opt,10000,0.138631633754,1.5,1.5
0.5_recall,mod_opt,30000,0.145824416283,1.5,1.5
0.5_recall,mod_opt,50000,0.127970878549,1.5,1.5
0.5_recall,mod_opt,70000,0.112075358493,1.5,1.5
0.5_recall,mod_opt,90000,0.133553562293,1.5,1.5
0.5_recall,oslom,10000,0.180087072635,1.5,1.5
0.5_recall,oslom,30000,0.172079436119,1.5,1.5
0.5_recall,oslom,50000,0.169661022561,1.5,1.5
0.5_recall,oslom,70000,0.164698858369,1.5,1.5
0.5_recall,oslom,90000,0.163794107212,1.5,1.5
0.6_precision,blondel,10000,0.992184534958,1.5,1.5
0.6_precision,blondel,30000,0.99229532708,1.5,1.5
0.6_precision,blondel,50000,0.965161503896,1.5,1.5
0.6_precision,blondel,70000,0.989826935386,1.5,1.5
0.6_precision,blondel,90000,0.978331497872,1.5,1.5
0.6_precision,infomap,10000,0.997355682148,1.5,1.5
0.6_precision,infomap,30000,0.993825378893,1.5,1.5
0.6_precision,infomap,50000,0.977276754931,1.5,1.5
0.6_precision,infomap,70000,0.981002104399,1.5,1.5
0.6_precision,infomap,90000,0.982111301082,1.5,1.5
0.6_precision,label_propagation,10000,0.909020484025,1.5,1.5
0.6_precision,label_propagation,30000,0.888832174669,1.5,1.5
0.6_precision,label_propagation,50000,0.446961920055,1.5,1.5
0.6_precision,label_propagation,70000,0.444995308279,1.5,1.5
0.6_precision,label_propagation,90000,0.485067132321,1.5,1.5
0.6_precision,mod_opt,10000,0.847769744296,1.5,1.5
0.6_precision,mod_opt,30000,0.908669687591,1.5,1.5
0.6_precision,mod_opt,50000,0.88844026088,1.5,1.5
0.6_precision,mod_opt,70000,0.873784633153,1.5,1.5
0.6_precision,mod_opt,90000,0.94066946367,1.5,1.5
0.6_precision,oslom,10000,0.992934530154,1.5,1.5
0.6_precision,oslom,30000,0.983751924905,1.5,1.5
0.6_precision,oslom,50000,0.981398844653,1.5,1.5
0.6_precision,oslom,70000,0.973344458918,1.5,1.5
0.6_precision,oslom,90000,0.978100152469,1.5,1.5
0.6_recall,blondel,10000,0.181928156128,1.5,1.5
0.6_recall,blondel,30000,0.184314330846,1.5,1.5
0.6_recall,blondel,50000,0.165413861945,1.5,1.5
0.6_recall,blondel,70000,0.182964349321,1.5,1.5
0.6_recall,blondel,90000,0.173829758041,1.5,1.5
0.6_recall,infomap,10000,0.188934207303,1.5,1.5
0.6_recall,infomap,30000,0.194338771987,1.5,1.5
0.6_recall,infomap,50000,0.192803517412,1.5,1.5
0.6_recall,infomap,70000,0.192427618209,1.5,1.5
0.6_recall,infomap,90000,0.190501257323,1.5,1.5
0.6_recall,label_propagation,10000,0.114671905505,1.5,1.5
0.6_recall,label_propagation,30000,0.071866515579,1.5,1.5
0.6_recall,label_propagation,50000,0.0436296002963,1.5,1.5
0.6_recall,label_propagation,70000,0.0549738462393,1.5,1.5
0.6_recall,label_propagation,90000,0.0697376302843,1.5,1.5
0.6_recall,mod_opt,10000,0.130553059034,1.5,1.5
0.6_recall,mod_opt,30000,0.141194679808,1.5,1.5
0.6_recall,mod_opt,50000,0.124206018373,1.5,1.5
0.6_recall,mod_opt,70000,0.10821917184,1.5,1.5
0.6_recall,mod_opt,90000,0.131624015489,1.5,1.5
0.6_recall,oslom,10000,0.180087072635,1.5,1.5
0.6_recall,oslom,30000,0.172079436119,1.5,1.5
0.6_recall,oslom,50000,0.169661022561,1.5,1.5
0.6_recall,oslom,70000,0.164698858369,1.5,1.5
0.6_recall,oslom,90000,0.163794107212,1.5,1.5
0.7_precision,blondel,10000,0.992184534958,1.5,1.5
0.7_precision,blondel,30000,0.98514193475,1.5,1.5
0.7_precision,blondel,50000,0.965161503896,1.5,1.5
0.7_precision,blondel,70000,0.985255485663,1.5,1.5
0.7_precision,blondel,90000,0.972652700327,1.5,1.5
0.7_precision,infomap,10000,0.997355682148,1.5,1.5
0.7_precision,infomap,30000,0.993825378893,1.5,1.5
0.7_precision,infomap,50000,0.977276754931,1.5,1.5
0.7_precision,infomap,70000,0.981002104399,1.5,1.5
0.7_precision,infomap,90000,0.982111301082,1.5,1.5
0.7_precision,label_propagation,10000,0.909020484025,1.5,1.5
0.7_precision,label_propagation,30000,0.850739382112,1.5,1.5
0.7_precision,label_propagation,50000,0.446961920055,1.5,1.5
0.7_precision,label_propagation,70000,0.444995308279,1.5,1.5
0.7_precision,label_propagation,90000,0.485067132321,1.5,1.5
0.7_precision,mod_opt,10000,0.824704268106,1.5,1.5
0.7_precision,mod_opt,30000,0.889363718676,1.5,1.5
0.7_precision,mod_opt,50000,0.855449031275,1.5,1.5
0.7_precision,mod_opt,70000,0.865061572018,1.5,1.5
0.7_precision,mod_opt,90000,0.894433992026,1.5,1.5
0.7_precision,oslom,10000,0.992934530154,1.5,1.5
0.7_precision,oslom,30000,0.983751924905,1.5,1.5
0.7_precision,oslom,50000,0.981398844653,1.5,1.5
0.7_precision,oslom,70000,0.973344458918,1.5,1.5
0.7_precision,oslom,90000,0.978100152469,1.5,1.5
0.7_recall,blondel,10000,0.181928156128,1.5,1.5
0.7_recall,blondel,30000,0.182188862476,1.5,1.5
0.7_recall,blondel,50000,0.165413861945,1.5,1.5
0.7_recall,blondel,70000,0.181561139549,1.5,1.5
0.7_recall,blondel,90000,0.172216854815,1.5,1.5
0.7_recall,infomap,10000,0.188934207303,1.5,1.5
0.7_recall,infomap,30000,0.194338771987,1.5,1.5
0.7_recall,infomap,50000,0.192803517412,1.5,1.5
0.7_recall,infomap,70000,0.192427618209,1.5,1.5
0.7_recall,infomap,90000,0.190501257323,1.5,1.5
0.7_recall,label_propagation,10000,0.114671905505,1.5,1.5
0.7_recall,label_propagation,30000,0.0675519493578,1.5,1.5
0.7_recall,label_propagation,50000,0.0436296002963,1.5,1.5
0.7_recall,label_propagation,70000,0.0549738462393,1.5,1.5
0.7_recall,label_propagation,90000,0.0697376302843,1.5,1.5
0.7_recall,mod_opt,10000,0.12529703034,1.5,1.5
0.7_recall,mod_opt,30000,0.136876799526,1.5,1.5
0.7_recall,mod_opt,50000,0.117656827421,1.5,1.5
0.7_recall,mod_opt,70000,0.106850175579,1.5,1.5
0.7_recall,mod_opt,90000,0.12205749971,1.5,1.5
0.7_recall,oslom,10000,0.180087072635,1.5,1.5
0.7_recall,oslom,30000,0.172079436119,1.5,1.5
0.7_recall,oslom,50000,0.169661022561,1.5,1.5
0.7_recall,oslom,70000,0.164698858369,1.5,1.5
0.7_recall,oslom,90000,0.163794107212,1.5,1.5
0.8_precision,blondel,10000,0.992184534958,1.5,1.5
0.8_precision,blondel,30000,0.98514193475,1.5,1.5
0.8_precision,blondel,50000,0.937212560732,1.5,1.5
0.8_precision,blondel,70000,0.985255485663,1.5,1.5
0.8_precision,blondel,90000,0.959290672908,1.5,1.5
0.8_precision,infomap,10000,0.997355682148,1.5,1.5
0.8_precision,infomap,30000,0.993825378893,1.5,1.5
0.8_precision,infomap,50000,0.977276754931,1.5,1.5
0.8_precision,infomap,70000,0.981002104399,1.5,1.5
0.8_precision,infomap,90000,0.982111301082,1.5,1.5
0.8_precision,label_propagation,10000,0.909020484025,1.5,1.5
0.8_precision,label_propagation,30000,0.850739382112,1.5,1.5
0.8_precision,label_propagation,50000,0.446961920055,1.5,1.5
0.8_precision,label_propagation,70000,0.444995308279,1.5,1.5
0.8_precision,label_propagation,90000,0.485067132321,1.5,1.5
0.8_precision,mod_opt,10000,0.806686250088,1.5,1.5
0.8_precision,mod_opt,30000,0.879373465264,1.5,1.5
0.8_precision,mod_opt,50000,0.829101727048,1.5,1.5
0.8_precision,mod_opt,70000,0.844414544467,1.5,1.5
0.8_precision,mod_opt,90000,0.885605320698,1.5,1.5
0.8_precision,oslom,10000,0.992934530154,1.5,1.5
0.8_precision,oslom,30000,0.983751924905,1.5,1.5
0.8_precision,oslom,50000,0.981398844653,1.5,1.5
0.8_precision,oslom,70000,0.973344458918,1.5,1.5
0.8_precision,oslom,90000,0.978100152469,1.5,1.5
0.8_recall,blondel,10000,0.181928156128,1.5,1.5
0.8_recall,blondel,30000,0.182188862476,1.5,1.5
0.8_recall,blondel,50000,0.158328441984,1.5,1.5
0.8_recall,blondel,70000,0.181561139549,1.5,1.5
0.8_recall,blondel,90000,0.16893998935,1.5,1.5
0.8_recall,infomap,10000,0.188934207303,1.5,1.5
0.8_recall,infomap,30000,0.194338771987,1.5,1.5
0.8_recall,infomap,50000,0.192803517412,1.5,1.5
0.8_recall,infomap,70000,0.192427618209,1.5,1.5
0.8_recall,infomap,90000,0.190501257323,1.5,1.5
0.8_recall,label_propagation,10000,0.114671905505,1.5,1.5
0.8_recall,label_propagation,30000,0.0675519493578,1.5,1.5
0.8_recall,label_propagation,50000,0.0436296002963,1.5,1.5
0.8_recall,label_propagation,70000,0.0549738462393,1.5,1.5
0.8_recall,label_propagation,90000,0.0697376302843,1.5,1.5
0.8_recall,mod_opt,10000,0.122976075433,1.5,1.5
0.8_recall,mod_opt,30000,0.134640029204,1.5,1.5
0.8_recall,mod_opt,50000,0.112651569505,1.5,1.5
0.8_recall,mod_opt,70000,0.104171531514,1.5,1.5
0.8_recall,mod_opt,90000,0.120477449023,1.5,1.5
0.8_recall,oslom,10000,0.180087072635,1.5,1.5
0.8_recall,oslom,30000,0.172079436119,1.5,1.5
0.8_recall,oslom,50000,0.169661022561,1.5,1.5
0.8_recall,oslom,70000,0.164698858369,1.5,1.5
0.8_recall,oslom,90000,0.163794107212,1.5,1.5
0.9_precision,blondel,10000,0.992184534958,1.5,1.5
0.9_precision,blondel,30000,0.975109586437,1.5,1.5
0.9_precision,blondel,50000,0.911045894066,1.5,1.5
0.9_precision,blondel,70000,0.971648332827,1.5,1.5
0.9_precision,blondel,90000,0.945412933662,1.5,1.5
0.9_precision,infomap,10000,0.997355682148,1.5,1.5
0.9_precision,infomap,30000,0.993825378893,1.5,1.5
0.9_precision,infomap,50000,0.952643631241,1.5,1.5
0.9_precision,infomap,70000,0.960929160764,1.5,1.5
0.9_precision,infomap,90000,0.975308579994,1.5,1.5
0.9_precision,label_propagation,10000,0.844579996699,1.5,1.5
0.9_precision,label_propagation,30000,0.832857794158,1.5,1.5
0.9_precision,label_propagation,50000,0.420455604846,1.5,1.5
0.9_precision,label_propagation,70000,0.444995308279,1.5,1.5
0.9_precision,label_propagation,90000,0.475184946662,1.5,1.5
0.9_precision,mod_opt,10000,0.769835072569,1.5,1.5
0.9_precision,mod_opt,30000,0.830021165148,1.5,1.5
0.9_precision,mod_opt,50000,0.776677378804,1.5,1.5
0.9_precision,mod_opt,70000,0.821888938545,1.5,1.5
0.9_precision,mod_opt,90000,0.82523797328,1.5,1.5
0.9_precision,oslom,10000,0.992934530154,1.5,1.5
0.9_precision,oslom,30000,0.983751924905,1.5,1.5
0.9_precision,oslom,50000,0.963296075994,1.5,1.5
0.9_precision,oslom,70000,0.957133026622,1.5,1.5
0.9_precision,oslom,90000,0.964455451083,1.5,1.5
0.9_recall,blondel,10000,0.181928156128,1.5,1.5
0.9_recall,blondel,30000,0.179878893879,1.5,1.5
0.9_recall,blondel,50000,0.153506288015,1.5,1.5
0.9_recall,blondel,70000,0.178326699068,1.5,1.5
0.9_recall,blondel,90000,0.165759922211,1.5,1.5
0.9_recall,infomap,10000,0.188934207303,1.5,1.5
0.9_recall,infomap,30000,0.194338771987,1.5,1.5
0.9_recall,infomap,50000,0.187984038226,1.5,1.5
0.9_recall,infomap,70000,0.188721657156,1.5,1.5
0.9_recall,infomap,90000,0.189681137039,1.5,1.5
0.9_recall,label_propagation,10000,0.104623434501,1.5,1.5
0.9_recall,label_propagation,30000,0.0653240893826,1.5,1.5
0.9_recall,label_propagation,50000,0.0405859206649,1.5,1.5
0.9_recall,label_propagation,70000,0.0549738462393,1.5,1.5
0.9_recall,label_propagation,90000,0.0680984462038,1.5,1.5
0.9_recall,mod_opt,10000,0.116790083516,1.5,1.5
0.9_recall,mod_opt,30000,0.125476283183,1.5,1.5
0.9_recall,mod_opt,50000,0.103870684399,1.5,1.5
0.9_recall,mod_opt,70000,0.101655659238,1.5,1.5
0.9_recall,mod_opt,90000,0.110627710375,1.5,1.5
0.9_recall,oslom,10000,0.180087072635,1.5,1.5
0.9_recall,oslom,30000,0.172079436119,1.5,1.5
0.9_recall,oslom,50000,0.164751074019,1.5,1.5
0.9_recall,oslom,70000,0.163193612203,1.5,1.5
0.9_recall,oslom,90000,0.158569062622,1.5,1.5
1.0_precision,blondel,10000,0.709165154265,1.5,1.5
1.0_precision,blondel,30000,0.758720930233,1.5,1.5
1.0_precision,blondel,50000,0.674262295082,1.5,1.5
1.0_precision,blondel,70000,0.582863849765,1.5,1.5
1.0_precision,blondel,90000,0.653880463872,1.5,1.5
1.0_precision,infomap,10000,0.854111405836,1.5,1.5
1.0_precision,infomap,30000,0.726789168279,1.5,1.5
1.0_precision,infomap,50000,0.511030478955,1.5,1.5
1.0_precision,infomap,70000,0.447156196944,1.5,1.5
1.0_precision,infomap,90000,0.504365079365,1.5,1.5
1.0_precision,label_propagation,10000,0.588164251208,1.5,1.5
1.0_precision,label_propagation,30000,0.463141025641,1.5,1.5
1.0_precision,label_propagation,50000,0.28125,1.5,1.5
1.0_precision,label_propagation,70000,0.184210526316,1.5,1.5
1.0_precision,label_propagation,90000,0.3,1.5,1.5
1.0_precision,mod_opt,10000,0.428571428571,1.5,1.5
1.0_precision,mod_opt,30000,0.484375,1.5,1.5
1.0_precision,mod_opt,50000,0.34126984127,1.5,1.5
1.0_precision,mod_opt,70000,0.258373205742,1.5,1.5
1.0_precision,mod_opt,90000,0.246590909091,1.5,1.5
1.0_precision,oslom,10000,0.672093023256,1.5,1.5
1.0_precision,oslom,30000,0.424780058651,1.5,1.5
1.0_precision,oslom,50000,0.37269170579,1.5,1.5
1.0_precision,oslom,70000,0.179238237491,1.5,1.5
1.0_precision,oslom,90000,0.221742543171,1.5,1.5
1.0_recall,blondel,10000,0.124331461854,1.5,1.5
1.0_recall,blondel,30000,0.135008582608,1.5,1.5
1.0_recall,blondel,50000,0.107920448629,1.5,1.5
1.0_recall,blondel,70000,0.102840663073,1.5,1.5
1.0_recall,blondel,90000,0.111048767494,1.5,1.5
1.0_recall,infomap,10000,0.159236085914,1.5,1.5
1.0_recall,infomap,30000,0.139288355589,1.5,1.5
1.0_recall,infomap,50000,0.101265730412,1.5,1.5
1.0_recall,infomap,70000,0.0850209578507,1.5,1.5
1.0_recall,infomap,90000,0.094936226786,1.5,1.5
1.0_recall,label_propagation,10000,0.0720165003411,1.5,1.5
1.0_recall,label_propagation,30000,0.037269357195,1.5,1.5
1.0_recall,label_propagation,50000,0.0267659193997,1.5,1.5
1.0_recall,label_propagation,70000,0.0225177307058,1.5,1.5
1.0_recall,label_propagation,90000,0.0423087353822,1.5,1.5
1.0_recall,mod_opt,10000,0.0638377614742,1.5,1.5
1.0_recall,mod_opt,30000,0.0721105569027,1.5,1.5
1.0_recall,mod_opt,50000,0.0434070899586,1.5,1.5
1.0_recall,mod_opt,70000,0.0285833713764,1.5,1.5
1.0_recall,mod_opt,90000,0.0316200449839,1.5,1.5
1.0_recall,oslom,10000,0.126142380952,1.5,1.5
1.0_recall,oslom,30000,0.0740546310742,1.5,1.5
1.0_recall,oslom,50000,0.0578626653628,1.5,1.5
1.0_recall,oslom,70000,0.0352670186636,1.5,1.5
1.0_recall,oslom,90000,0.0399828202547,1.5,1.5
ANC,blondel,10000,0.987179487179,1.5,1.5
ANC,blondel,30000,0.97821969697,1.5,1.5
ANC,blondel,50000,0.948260613208,1.5,1.5
ANC,blondel,70000,0.957204301075,1.5,1.5
ANC,blondel,90000,0.935483870968,1.5,1.5
ANC,infomap,10000,1.0,1.5,1.5
ANC,infomap,30000,1.0,1.5,1.5
ANC,infomap,50000,0.992307692308,1.5,1.5
ANC,infomap,70000,0.993421052632,1.5,1.5
ANC,infomap,90000,0.975934459805,1.5,1.5
ANC,label_propagation,10000,0.605216622458,1.5,1.5
ANC,label_propagation,30000,0.403046421663,1.5,1.5
ANC,label_propagation,50000,0.259433962264,1.5,1.5
ANC,label_propagation,70000,0.31311827957,1.5,1.5
ANC,label_propagation,90000,0.370967741935,1.5,1.5
ANC,mod_opt,10000,0.721043324492,1.5,1.5
ANC,mod_opt,30000,0.746615087041,1.5,1.5
ANC,mod_opt,50000,0.681751179245,1.5,1.5
ANC,mod_opt,70000,0.608172043011,1.5,1.5
ANC,mod_opt,90000,0.677419354839,1.5,1.5
ANC,oslom,10000,0.936821705426,1.5,1.5
ANC,oslom,30000,0.779032258065,1.5,1.5
ANC,oslom,50000,0.728794992175,1.5,1.5
ANC,oslom,70000,0.66215459298,1.5,1.5
ANC,oslom,90000,0.656985871272,1.5,1.5
Adjusted Rand Score,blondel,10000,0.985176624774,1.5,1.5
Adjusted Rand Score,blondel,30000,0.964645352624,1.5,1.5
Adjusted Rand Score,blondel,50000,0.912571409723,1.5,1.5
Adjusted Rand Score,blondel,70000,0.974163270895,1.5,1.5
Adjusted Rand Score,blondel,90000,0.939950728707,1.5,1.5
Adjusted Rand Score,infomap,10000,0.994808601585,1.5,1.5
Adjusted Rand Score,infomap,30000,0.99505092754,1.5,1.5
Adjusted Rand Score,infomap,50000,0.992069950583,1.5,1.5
Adjusted Rand Score,infomap,70000,0.990956054536,1.5,1.5
Adjusted Rand Score,infomap,90000,0.993503855172,1.5,1.5
Adjusted Rand Score,label_propagation,10000,0.737900828702,1.5,1.5
Adjusted Rand Score,label_propagation,30000,0.408784382091,1.5,1.5
Adjusted Rand Score,label_propagation,50000,0.267090214108,1.5,1.5
Adjusted Rand Score,label_propagation,70000,0.372323459618,1.5,1.5
Adjusted Rand Score,label_propagation,90000,0.454888932733,1.5,1.5
Adjusted Rand Score,mod_opt,10000,0.95357234468,1.5,1.5
Adjusted Rand Score,mod_opt,30000,0.976836711052,1.5,1.5
Adjusted Rand Score,mod_opt,50000,0.966420829355,1.5,1.5
Adjusted Rand Score,mod_opt,70000,0.929419023072,1.5,1.5
Adjusted Rand Score,mod_opt,90000,0.981834911731,1.5,1.5
Adjusted Rand Score,oslom,10000,0.923603385451,1.5,1.5
Adjusted Rand Score,oslom,30000,0.701791799565,1.5,1.5
Adjusted Rand Score,oslom,50000,0.653720152493,1.5,1.5
Adjusted Rand Score,oslom,70000,0.675292550858,1.5,1.5
Adjusted Rand Score,oslom,90000,0.639931370495,1.5,1.5
Block_size_median,blondel,10000,41.0,1.5,1.5
Block_size_median,blondel,30000,62.5,1.5,1.5
Block_size_median,blondel,50000,83.75,1.5,1.5
Block_size_median,blondel,70000,171.25,1.5,1.5
Block_size_median,blondel,90000,87.0,1.5,1.5
Block_size_median,infomap,10000,40.5,1.5,1.5
Block_size_median,infomap,30000,70.0,1.5,1.5
Block_size_median,infomap,50000,87.5,1.5,1.5
Block_size_median,infomap,70000,152.0,1.5,1.5
Block_size_median,infomap,90000,117.5,1.5,1.5
Block_size_median,label_propagation,10000,80.5,1.5,1.5
Block_size_median,label_propagation,30000,152.25,1.5,1.5
Block_size_median,label_propagation,50000,5073.25,1.5,1.5
Block_size_median,label_propagation,70000,7281.5,1.5,1.5
Block_size_median,label_propagation,90000,9093.5,1.5,1.5
Block_size_median,mod_opt,10000,71.75,1.5,1.5
Block_size_median,mod_opt,30000,125.5,1.5,1.5
Block_size_median,mod_opt,50000,168.5,1.5,1.5
Block_size_median,mod_opt,70000,433.75,1.5,1.5
Block_size_median,mod_opt,90000,288.75,1.5,1.5
Block_size_median,oslom,10000,46.75,1.5,1.5
Block_size_median,oslom,30000,84.75,1.5,1.5
Block_size_median,oslom,50000,107.0,1.5,1.5
Block_size_median,oslom,70000,147.0,1.5,1.5
Block_size_median,oslom,90000,134.0,1.5,1.5
Conductance,blondel,10000,0.3011,1.5,1.5
Conductance,blondel,30000,0.30035,1.5,1.5
Conductance,blondel,50000,0.30225,1.5,1.5
Conductance,blondel,70000,0.31995,1.5,1.5
Conductance,blondel,90000,0.2983,1.5,1.5
Conductance,gold_standard,10000,0.30985,1.5,1.0
Conductance,gold_standard,30000,0.31585,1.5,1.0
Conductance,gold_standard,50000,0.3119,1.5,1.0
Conductance,gold_standard,70000,0.321,1.5,1.0
Conductance,gold_standard,90000,0.3092,1.5,1.0
Conductance,infomap,10000,0.31025,1.5,1.5
Conductance,infomap,30000,0.30315,1.5,1.5
Conductance,infomap,50000,0.30155,1.5,1.5
Conductance,infomap,70000,0.28255,1.5,1.5
Conductance,infomap,90000,0.2784,1.5,1.5
Conductance,label_propagation,10000,0.349,1.5,1.5
Conductance,label_propagation,30000,0.35745,1.5,1.5
Conductance,label_propagation,50000,0.16905,1.5,1.5
Conductance,label_propagation,70000,0.4382,1.5,1.5
Conductance,label_propagation,90000,0.16575,1.5,1.5
Conductance,mod_opt,10000,0.33825,1.5,1.5
Conductance,mod_opt,30000,0.34085,1.5,1.5
Conductance,mod_opt,50000,0.33335,1.5,1.5
Conductance,mod_opt,70000,0.35455,1.5,1.5
Conductance,mod_opt,90000,0.33735,1.5,1.5
Conductance,oslom,10000,0.2919,1.5,1.5
Conductance,oslom,30000,0.259,1.5,1.5
Conductance,oslom,50000,0.2434,1.5,1.5
Conductance,oslom,70000,0.2323,1.5,1.5
Conductance,oslom,90000,0.22285,1.5,1.5
Coverage,blondel,10000,0.54,1.5,1.5
Coverage,blondel,30000,0.5524,1.5,1.5
Coverage,blondel,50000,0.55415,1.5,1.5
Coverage,blondel,70000,0.5612,1.5,1.5
Coverage,blondel,90000,0.55915,1.5,1.5
Coverage,gold_standard,10000,0.5395,1.5,1.0
Coverage,gold_standard,30000,0.551,1.5,1.0
Coverage,gold_standard,50000,0.5502,1.5,1.0
Coverage,gold_standard,70000,0.56005,1.5,1.0
Coverage,gold_standard,90000,0.5567,1.5,1.0
Coverage,infomap,10000,0.5396,1.5,1.5
Coverage,infomap,30000,0.55095,1.5,1.5
Coverage,infomap,50000,0.55015,1.5,1.5
Coverage,infomap,70000,0.5599,1.5,1.5
Coverage,infomap,90000,0.5566,1.5,1.5
Coverage,label_propagation,10000,0.55215,1.5,1.5
Coverage,label_propagation,30000,0.601,1.5,1.5
Coverage,label_propagation,50000,0.78415,1.5,1.5
Coverage,label_propagation,70000,0.7878,1.5,1.5
Coverage,label_propagation,90000,0.7815,1.5,1.5
Coverage,mod_opt,10000,0.5413,1.5,1.5
Coverage,mod_opt,30000,0.55145,1.5,1.5
Coverage,mod_opt,50000,0.55075,1.5,1.5
Coverage,mod_opt,70000,0.56215,1.5,1.5
Coverage,mod_opt,90000,0.5569,1.5,1.5
Coverage,oslom,10000,0.49235,1.5,1.5
Coverage,oslom,30000,0.3972,1.5,1.5
Coverage,oslom,50000,0.3766,1.5,1.5
Coverage,oslom,70000,0.3804,1.5,1.5
Coverage,oslom,90000,0.36815,1.5,1.5
Lancichinetti NMI,blondel,10000,0.910971,1.5,1.5
Lancichinetti NMI,blondel,30000,0.895718,1.5,1.5
Lancichinetti NMI,blondel,50000,0.86776,1.5,1.5
Lancichinetti NMI,blondel,70000,0.926691,1.5,1.5
Lancichinetti NMI,blondel,90000,0.874396,1.5,1.5
Lancichinetti NMI,infomap,10000,0.9871925,1.5,1.5
Lancichinetti NMI,infomap,30000,0.9517575,1.5,1.5
Lancichinetti NMI,infomap,50000,0.931092,1.5,1.5
Lancichinetti NMI,infomap,70000,0.8696185,1.5,1.5
Lancichinetti NMI,infomap,90000,0.8792245,1.5,1.5
Lancichinetti NMI,label_propagation,10000,0.7429945,1.5,1.5
Lancichinetti NMI,label_propagation,30000,0.639177,1.5,1.5
Lancichinetti NMI,label_propagation,50000,0.3442375,1.5,1.5
Lancichinetti NMI,label_propagation,70000,0.4536695,1.5,1.5
Lancichinetti NMI,label_propagation,90000,0.41704,1.5,1.5
Lancichinetti NMI,mod_opt,10000,0.781958,1.5,1.5
Lancichinetti NMI,mod_opt,30000,0.827966,1.5,1.5
Lancichinetti NMI,mod_opt,50000,0.764984,1.5,1.5
Lancichinetti NMI,mod_opt,70000,0.7452855,1.5,1.5
Lancichinetti NMI,mod_opt,90000,0.7746155,1.5,1.5
Lancichinetti NMI,oslom,10000,0.9196945,1.5,1.5
Lancichinetti NMI,oslom,30000,0.791812,1.5,1.5
Lancichinetti NMI,oslom,50000,0.7693645,1.5,1.5
Lancichinetti NMI,oslom,70000,0.7161585,1.5,1.5
Lancichinetti NMI,oslom,90000,0.713798,1.5,1.5
Modularity,blondel,10000,0.4709,1.5,1.5
Modularity,blondel,30000,0.4832,1.5,1.5
Modularity,blondel,50000,0.48155,1.5,1.5
Modularity,blondel,70000,0.49,1.5,1.5
Modularity,blondel,90000,0.49695,1.5,1.5
Modularity,gold_standard,10000,0.47075,1.5,1.0
Modularity,gold_standard,30000,0.48495,1.5,1.0
Modularity,gold_standard,50000,0.48535,1.5,1.0
Modularity,gold_standard,70000,0.49085,1.5,1.0
Modularity,gold_standard,90000,0.4994,1.5,1.0
Modularity,infomap,10000,0.47085,1.5,1.5
Modularity,infomap,30000,0.4849,1.5,1.5
Modularity,infomap,50000,0.48525,1.5,1.5
Modularity,infomap,70000,0.4908,1.5,1.5
Modularity,infomap,90000,0.4993,1.5,1.5
Modularity,label_propagation,10000,0.4619,1.5,1.5
Modularity,label_propagation,30000,0.42775,1.5,1.5
Modularity,label_propagation,50000,0.23255,1.5,1.5
Modularity,label_propagation,70000,0.23745,1.5,1.5
Modularity,label_propagation,90000,0.2503,1.5,1.5
Modularity,mod_opt,10000,0.47115,1.5,1.5
Modularity,mod_opt,30000,0.4849,1.5,1.5
Modularity,mod_opt,50000,0.4851,1.5,1.5
Modularity,mod_opt,70000,0.4894,1.5,1.5
Modularity,mod_opt,90000,0.49925,1.5,1.5
Modularity,oslom,10000,0.43495,1.5,1.5
Modularity,oslom,30000,0.3647,1.5,1.5
Modularity,oslom,50000,0.35025,1.5,1.5
Modularity,oslom,70000,0.34845,1.5,1.5
Modularity,oslom,90000,0.3425,1.5,1.5
NLS,blondel,10000,0.832180719567,1.5,1.5
NLS,blondel,30000,0.881796225655,1.5,1.5
NLS,blondel,50000,0.89409596056,1.5,1.5
NLS,blondel,70000,0.909416598683,1.5,1.5
NLS,blondel,90000,0.888238432578,1.5,1.5
NLS,infomap,10000,0.855495679246,1.5,1.5
NLS,infomap,30000,0.899199778637,1.5,1.5
NLS,infomap,50000,0.906916753461,1.5,1.5
NLS,infomap,70000,0.917577733271,1.5,1.5
NLS,infomap,90000,0.895492575703,1.5,1.5
NLS,label_propagation,10000,0.83911132027,1.5,1.5
NLS,label_propagation,30000,0.883496253217,1.5,1.5
NLS,label_propagation,50000,0.901209534611,1.5,1.5
NLS,label_propagation,70000,0.917934056548,1.5,1.5
NLS,label_propagation,90000,0.899256865781,1.5,1.5
NLS,mod_opt,10000,0.835923586345,1.5,1.5
NLS,mod_opt,30000,0.884915258808,1.5,1.5
NLS,mod_opt,50000,0.894334439275,1.5,1.5
NLS,mod_opt,70000,0.906918384575,1.5,1.5
NLS,mod_opt,90000,0.884717306735,1.5,1.5
NLS,oslom,10000,0.821172791125,1.5,1.5
NLS,oslom,30000,0.805241180074,1.5,1.5
NLS,oslom,50000,0.815941908866,1.5,1.5
NLS,oslom,70000,0.800735413413,1.5,1.5
NLS,oslom,90000,0.775026274787,1.5,1.5
Original_block_num,blondel,10000,34.0,1.5,1.5
Original_block_num,blondel,30000,45.5,1.5,1.5
Original_block_num,blondel,50000,58.5,1.5,1.5
Original_block_num,blondel,70000,53.0,1.5,1.5
Original_block_num,blondel,90000,62.0,1.5,1.5
Original_block_num,infomap,10000,34.0,1.5,1.5
Original_block_num,infomap,30000,45.5,1.5,1.5
Original_block_num,infomap,50000,58.5,1.5,1.5
Original_block_num,infomap,70000,53.0,1.5,1.5
Original_block_num,infomap,90000,62.0,1.5,1.5
Original_block_num,label_propagation,10000,34.0,1.5,1.5
Original_block_num,label_propagation,30000,45.5,1.5,1.5
Original_block_num,label_propagation,50000,58.5,1.5,1.5
Original_block_num,label_propagation,70000,53.0,1.5,1.5
Original_block_num,label_propagation,90000,62.0,1.5,1.5
Original_block_num,mod_opt,10000,34.0,1.5,1.5
Original_block_num,mod_opt,30000,45.5,1.5,1.5
Original_block_num,mod_opt,50000,58.5,1.5,1.5
Original_block_num,mod_opt,70000,53.0,1.5,1.5
Original_block_num,mod_opt,90000,62.0,1.5,1.5
Original_block_num,oslom,10000,34.0,1.5,1.5
Original_block_num,oslom,30000,45.5,1.5,1.5
Original_block_num,oslom,50000,58.5,1.5,1.5
Original_block_num,oslom,70000,53.0,1.5,1.5
Original_block_num,oslom,90000,62.0,1.5,1.5
Sample_block_num,blondel,10000,33.5,1.5,1.5
Sample_block_num,blondel,30000,45.5,1.5,1.5
Sample_block_num,blondel,50000,55.5,1.5,1.5
Sample_block_num,blondel,70000,50.5,1.5,1.5
Sample_block_num,blondel,90000,58.0,1.5,1.5
Sample_block_num,infomap,10000,34.0,1.5,1.5
Sample_block_num,infomap,30000,45.5,1.5,1.5
Sample_block_num,infomap,50000,59.0,1.5,1.5
Sample_block_num,infomap,70000,53.5,1.5,1.5
Sample_block_num,infomap,90000,61.5,1.5,1.5
Sample_block_num,label_propagation,10000,20.5,1.5,1.5
Sample_block_num,label_propagation,30000,18.5,1.5,1.5
Sample_block_num,label_propagation,50000,16.5,1.5,1.5
Sample_block_num,label_propagation,70000,10.0,1.5,1.5
Sample_block_num,label_propagation,90000,23.0,1.5,1.5
Sample_block_num,mod_opt,10000,24.5,1.5,1.5
Sample_block_num,mod_opt,30000,34.0,1.5,1.5
Sample_block_num,mod_opt,50000,40.0,1.5,1.5
Sample_block_num,mod_opt,70000,30.0,1.5,1.5
Sample_block_num,mod_opt,90000,42.0,1.5,1.5
Sample_block_num,oslom,10000,36.5,1.5,1.5
Sample_block_num,oslom,30000,58.5,1.5,1.5
Sample_block_num,oslom,50000,80.5,1.5,1.5
Sample_block_num,oslom,70000,77.5,1.5,1.5
Sample_block_num,oslom,90000,94.5,1.5,1.5
Scikit-learn NMI,blondel,10000,0.987120829548,1.5,1.5
Scikit-learn NMI,blondel,30000,0.987692697757,1.5,1.5
Scikit-learn NMI,blondel,50000,0.971503785706,1.5,1.5
Scikit-learn NMI,blondel,70000,0.986733283484,1.5,1.5
Scikit-learn NMI,blondel,90000,0.977653208177,1.5,1.5
Scikit-learn NMI,infomap,10000,0.995429728107,1.5,1.5
Scikit-learn NMI,infomap,30000,0.994730467063,1.5,1.5
Scikit-learn NMI,infomap,50000,0.991993469677,1.5,1.5
Scikit-learn NMI,infomap,70000,0.990364562166,1.5,1.5
Scikit-learn NMI,infomap,90000,0.993314724733,1.5,1.5
Scikit-learn NMI,label_propagation,10000,0.914877929045,1.5,1.5
Scikit-learn NMI,label_propagation,30000,0.783539713845,1.5,1.5
Scikit-learn NMI,label_propagation,50000,0.431782194956,1.5,1.5
Scikit-learn NMI,label_propagation,70000,0.464381853204,1.5,1.5
Scikit-learn NMI,label_propagation,90000,0.480242023999,1.5,1.5
Scikit-learn NMI,mod_opt,10000,0.96526864532,1.5,1.5
Scikit-learn NMI,mod_opt,30000,0.978835247902,1.5,1.5
Scikit-learn NMI,mod_opt,50000,0.97267374969,1.5,1.5
Scikit-learn NMI,mod_opt,70000,0.959701546423,1.5,1.5
Scikit-learn NMI,mod_opt,90000,0.980517052709,1.5,1.5
Scikit-learn NMI,oslom,10000,0.969667358545,1.5,1.5
Scikit-learn NMI,oslom,30000,0.919785637396,1.5,1.5
Scikit-learn NMI,oslom,50000,0.911522534665,1.5,1.5
Scikit-learn NMI,oslom,70000,0.893137075322,1.5,1.5
Scikit-learn NMI,oslom,90000,0.893045691829,1.5,1.5
