metric,name,value,n,network_id,clustering_id
0.5_precision,blondel,0.990646987634,70000.0,1.5,1.5
0.5_precision,infomap,0.964257824008,70000.0,1.5,1.5
0.5_precision,label_propagation,0.933388531718,70000.0,1.5,1.5
0.5_precision,mod_opt,0.903675534797,70000.0,1.5,1.5
0.5_precision,oslom,0.979517206032,70000.0,1.5,1.5
0.5_recall,blondel,0.178033706707,70000.0,1.5,1.5
0.5_recall,infomap,0.192537156835,70000.0,1.5,1.5
0.5_recall,label_propagation,0.0833273625289,70000.0,1.5,1.5
0.5_recall,mod_opt,0.122930247843,70000.0,1.5,1.5
0.5_recall,oslom,0.162169397275,70000.0,1.5,1.5
0.6_precision,blondel,0.986499966997,70000.0,1.5,1.5
0.6_precision,infomap,0.964257824008,70000.0,1.5,1.5
0.6_precision,label_propagation,0.933388531718,70000.0,1.5,1.5
0.6_precision,mod_opt,0.888428670285,70000.0,1.5,1.5
0.6_precision,oslom,0.979517206032,70000.0,1.5,1.5
0.6_recall,blondel,0.176699823885,70000.0,1.5,1.5
0.6_recall,infomap,0.192537156835,70000.0,1.5,1.5
0.6_recall,label_propagation,0.0833273625289,70000.0,1.5,1.5
0.6_recall,mod_opt,0.120424489376,70000.0,1.5,1.5
0.6_recall,oslom,0.162169397275,70000.0,1.5,1.5
0.7_precision,blondel,0.981694241026,70000.0,1.5,1.5
0.7_precision,infomap,0.964257824008,70000.0,1.5,1.5
0.7_precision,label_propagation,0.925291467009,70000.0,1.5,1.5
0.7_precision,mod_opt,0.870812552779,70000.0,1.5,1.5
0.7_precision,oslom,0.979517206032,70000.0,1.5,1.5
0.7_recall,blondel,0.175315944607,70000.0,1.5,1.5
0.7_recall,infomap,0.192537156835,70000.0,1.5,1.5
0.7_recall,label_propagation,0.0819934797073,70000.0,1.5,1.5
0.7_recall,mod_opt,0.117620984152,70000.0,1.5,1.5
0.7_recall,oslom,0.162169397275,70000.0,1.5,1.5
0.8_precision,blondel,0.981694241026,70000.0,1.5,1.5
0.8_precision,infomap,0.964257824008,70000.0,1.5,1.5
0.8_precision,label_propagation,0.925291467009,70000.0,1.5,1.5
0.8_precision,mod_opt,0.870812552779,70000.0,1.5,1.5
0.8_precision,oslom,0.979517206032,70000.0,1.5,1.5
0.8_recall,blondel,0.175315944607,70000.0,1.5,1.5
0.8_recall,infomap,0.192537156835,70000.0,1.5,1.5
0.8_recall,label_propagation,0.0819934797073,70000.0,1.5,1.5
0.8_recall,mod_opt,0.117620984152,70000.0,1.5,1.5
0.8_recall,oslom,0.162169397275,70000.0,1.5,1.5
0.9_precision,blondel,0.981694241026,70000.0,1.5,1.5
0.9_precision,infomap,0.944946851264,70000.0,1.5,1.5
0.9_precision,label_propagation,0.925291467009,70000.0,1.5,1.5
0.9_precision,mod_opt,0.835625631365,70000.0,1.5,1.5
0.9_precision,oslom,0.969480288634,70000.0,1.5,1.5
0.9_recall,blondel,0.175315944607,70000.0,1.5,1.5
0.9_recall,infomap,0.190397627905,70000.0,1.5,1.5
0.9_recall,label_propagation,0.0819934797073,70000.0,1.5,1.5
0.9_recall,mod_opt,0.113435335982,70000.0,1.5,1.5
0.9_recall,oslom,0.158730118338,70000.0,1.5,1.5
1.0_precision,blondel,0.519937275986,70000.0,1.5,1.5
1.0_precision,infomap,0.414473684211,70000.0,1.5,1.5
1.0_precision,label_propagation,0.365909090909,70000.0,1.5,1.5
1.0_precision,mod_opt,0.188108108108,70000.0,1.5,1.5
1.0_precision,oslom,0.249687239366,70000.0,1.5,1.5
1.0_recall,blondel,0.0835835316505,70000.0,1.5,1.5
1.0_recall,infomap,0.0813682396826,70000.0,1.5,1.5
1.0_recall,label_propagation,0.0356358508852,70000.0,1.5,1.5
1.0_recall,mod_opt,0.0250221898741,70000.0,1.5,1.5
1.0_recall,oslom,0.0410125704375,70000.0,1.5,1.5
ANC,blondel,0.98,70000.0,1.5,1.5
ANC,infomap,0.977796052632,70000.0,1.5,1.5
ANC,label_propagation,0.444086021505,70000.0,1.5,1.5
ANC,mod_opt,0.649892473118,70000.0,1.5,1.5
ANC,oslom,0.69630942452,70000.0,1.5,1.5
Adjusted Rand Score,blondel,0.941032008807,70000.0,1.5,1.5
Adjusted Rand Score,infomap,0.989885510203,70000.0,1.5,1.5
Adjusted Rand Score,label_propagation,0.476259039149,70000.0,1.5,1.5
Adjusted Rand Score,mod_opt,0.95253098935,70000.0,1.5,1.5
Adjusted Rand Score,oslom,0.705940040088,70000.0,1.5,1.5
Block_size_median,blondel,155.75,70000.0,1.5,1.5
Block_size_median,infomap,154.5,70000.0,1.5,1.5
Block_size_median,label_propagation,423.5,70000.0,1.5,1.5
Block_size_median,mod_opt,366.5,70000.0,1.5,1.5
Block_size_median,oslom,159.25,70000.0,1.5,1.5
Conductance,blondel,0.29505,70000.0,1.5,1.5
Conductance,gold_standard,0.32055,70000.0,1.5,1.0
Conductance,infomap,0.26355,70000.0,1.5,1.5
Conductance,label_propagation,0.3688,70000.0,1.5,1.5
Conductance,mod_opt,0.3547,70000.0,1.5,1.5
Conductance,oslom,0.23945,70000.0,1.5,1.5
Coverage,blondel,0.5626,70000.0,1.5,1.5
Coverage,gold_standard,0.5603,70000.0,1.5,1.0
Coverage,infomap,0.56015,70000.0,1.5,1.5
Coverage,label_propagation,0.6041,70000.0,1.5,1.5
Coverage,mod_opt,0.56125,70000.0,1.5,1.5
Coverage,oslom,0.3804,70000.0,1.5,1.5
Lancichinetti NMI,blondel,0.8529455,70000.0,1.5,1.5
Lancichinetti NMI,infomap,0.832108,70000.0,1.5,1.5
Lancichinetti NMI,label_propagation,0.6816235,70000.0,1.5,1.5
Lancichinetti NMI,mod_opt,0.7681075,70000.0,1.5,1.5
Lancichinetti NMI,oslom,0.721371,70000.0,1.5,1.5
Modularity,blondel,0.48785,70000.0,1.5,1.5
Modularity,gold_standard,0.4905,70000.0,1.5,1.0
Modularity,infomap,0.4903,70000.0,1.5,1.5
Modularity,label_propagation,0.4444,70000.0,1.5,1.5
Modularity,mod_opt,0.48985,70000.0,1.5,1.5
Modularity,oslom,0.3484,70000.0,1.5,1.5
NLS,blondel,0.872370653115,70000.0,1.5,1.5
NLS,infomap,0.904977750244,70000.0,1.5,1.5
NLS,label_propagation,0.889526662653,70000.0,1.5,1.5
NLS,mod_opt,0.889103577787,70000.0,1.5,1.5
NLS,oslom,0.801188670558,70000.0,1.5,1.5
Original_block_num,blondel,53.0,70000.0,1.5,1.5
Original_block_num,infomap,53.0,70000.0,1.5,1.5
Original_block_num,label_propagation,53.0,70000.0,1.5,1.5
Original_block_num,mod_opt,53.0,70000.0,1.5,1.5
Original_block_num,oslom,53.0,70000.0,1.5,1.5
Sample_block_num,blondel,51.5,70000.0,1.5,1.5
Sample_block_num,infomap,54.0,70000.0,1.5,1.5
Sample_block_num,label_propagation,25.5,70000.0,1.5,1.5
Sample_block_num,mod_opt,31.0,70000.0,1.5,1.5
Sample_block_num,oslom,76.5,70000.0,1.5,1.5
Scikit-learn NMI,blondel,0.979815167329,70000.0,1.5,1.5
Scikit-learn NMI,infomap,0.989306357055,70000.0,1.5,1.5
Scikit-learn NMI,label_propagation,0.824302674563,70000.0,1.5,1.5
Scikit-learn NMI,mod_opt,0.967168096368,70000.0,1.5,1.5
Scikit-learn NMI,oslom,0.900130100222,70000.0,1.5,1.5
