metric,name,value,n,network_id,clustering_id
0.5_precision,blondel,0.9757844134,50000.0,1.5,1.5
0.5_precision,infomap,0.977276754931,50000.0,1.5,1.5
0.5_precision,label_propagation,0.463644995788,50000.0,1.5,1.5
0.5_precision,mod_opt,0.902979802095,50000.0,1.5,1.5
0.5_precision,oslom,0.981398844653,50000.0,1.5,1.5
0.5_recall,blondel,0.168876840217,50000.0,1.5,1.5
0.5_recall,infomap,0.192803517412,50000.0,1.5,1.5
0.5_recall,label_propagation,0.0469830922851,50000.0,1.5,1.5
0.5_recall,mod_opt,0.127970878549,50000.0,1.5,1.5
0.5_recall,oslom,0.169661022561,50000.0,1.5,1.5
0.6_precision,blondel,0.965161503896,50000.0,1.5,1.5
0.6_precision,infomap,0.977276754931,50000.0,1.5,1.5
0.6_precision,label_propagation,0.446961920055,50000.0,1.5,1.5
0.6_precision,mod_opt,0.88844026088,50000.0,1.5,1.5
0.6_precision,oslom,0.981398844653,50000.0,1.5,1.5
0.6_recall,blondel,0.165413861945,50000.0,1.5,1.5
0.6_recall,infomap,0.192803517412,50000.0,1.5,1.5
0.6_recall,label_propagation,0.0436296002963,50000.0,1.5,1.5
0.6_recall,mod_opt,0.124206018373,50000.0,1.5,1.5
0.6_recall,oslom,0.169661022561,50000.0,1.5,1.5
0.7_precision,blondel,0.965161503896,50000.0,1.5,1.5
0.7_precision,infomap,0.977276754931,50000.0,1.5,1.5
0.7_precision,label_propagation,0.446961920055,50000.0,1.5,1.5
0.7_precision,mod_opt,0.855449031275,50000.0,1.5,1.5
0.7_precision,oslom,0.981398844653,50000.0,1.5,1.5
0.7_recall,blondel,0.165413861945,50000.0,1.5,1.5
0.7_recall,infomap,0.192803517412,50000.0,1.5,1.5
0.7_recall,label_propagation,0.0436296002963,50000.0,1.5,1.5
0.7_recall,mod_opt,0.117656827421,50000.0,1.5,1.5
0.7_recall,oslom,0.169661022561,50000.0,1.5,1.5
0.8_precision,blondel,0.937212560732,50000.0,1.5,1.5
0.8_precision,infomap,0.977276754931,50000.0,1.5,1.5
0.8_precision,label_propagation,0.446961920055,50000.0,1.5,1.5
0.8_precision,mod_opt,0.829101727048,50000.0,1.5,1.5
0.8_precision,oslom,0.981398844653,50000.0,1.5,1.5
0.8_recall,blondel,0.158328441984,50000.0,1.5,1.5
0.8_recall,infomap,0.192803517412,50000.0,1.5,1.5
0.8_recall,label_propagation,0.0436296002963,50000.0,1.5,1.5
0.8_recall,mod_opt,0.112651569505,50000.0,1.5,1.5
0.8_recall,oslom,0.169661022561,50000.0,1.5,1.5
0.9_precision,blondel,0.911045894066,50000.0,1.5,1.5
0.9_precision,infomap,0.952643631241,50000.0,1.5,1.5
0.9_precision,label_propagation,0.420455604846,50000.0,1.5,1.5
0.9_precision,mod_opt,0.776677378804,50000.0,1.5,1.5
0.9_precision,oslom,0.963296075994,50000.0,1.5,1.5
0.9_recall,blondel,0.153506288015,50000.0,1.5,1.5
0.9_recall,infomap,0.187984038226,50000.0,1.5,1.5
0.9_recall,label_propagation,0.0405859206649,50000.0,1.5,1.5
0.9_recall,mod_opt,0.103870684399,50000.0,1.5,1.5
0.9_recall,oslom,0.164751074019,50000.0,1.5,1.5
1.0_precision,blondel,0.674262295082,50000.0,1.5,1.5
1.0_precision,infomap,0.511030478955,50000.0,1.5,1.5
1.0_precision,label_propagation,0.28125,50000.0,1.5,1.5
1.0_precision,mod_opt,0.34126984127,50000.0,1.5,1.5
1.0_precision,oslom,0.37269170579,50000.0,1.5,1.5
1.0_recall,blondel,0.107920448629,50000.0,1.5,1.5
1.0_recall,infomap,0.101265730412,50000.0,1.5,1.5
1.0_recall,label_propagation,0.0267659193997,50000.0,1.5,1.5
1.0_recall,mod_opt,0.0434070899586,50000.0,1.5,1.5
1.0_recall,oslom,0.0578626653628,50000.0,1.5,1.5
ANC,blondel,0.948260613208,50000.0,1.5,1.5
ANC,infomap,0.992307692308,50000.0,1.5,1.5
ANC,label_propagation,0.259433962264,50000.0,1.5,1.5
ANC,mod_opt,0.681751179245,50000.0,1.5,1.5
ANC,oslom,0.728794992175,50000.0,1.5,1.5
Adjusted Rand Score,blondel,0.912571409723,50000.0,1.5,1.5
Adjusted Rand Score,infomap,0.992069950583,50000.0,1.5,1.5
Adjusted Rand Score,label_propagation,0.267090214108,50000.0,1.5,1.5
Adjusted Rand Score,mod_opt,0.966420829355,50000.0,1.5,1.5
Adjusted Rand Score,oslom,0.653720152493,50000.0,1.5,1.5
Block_size_median,blondel,83.75,50000.0,1.5,1.5
Block_size_median,infomap,87.5,50000.0,1.5,1.5
Block_size_median,label_propagation,5073.25,50000.0,1.5,1.5
Block_size_median,mod_opt,168.5,50000.0,1.5,1.5
Block_size_median,oslom,107.0,50000.0,1.5,1.5
Conductance,blondel,0.30225,50000.0,1.5,1.5
Conductance,gold_standard,0.3119,50000.0,1.5,1.0
Conductance,infomap,0.30155,50000.0,1.5,1.5
Conductance,label_propagation,0.16905,50000.0,1.5,1.5
Conductance,mod_opt,0.33335,50000.0,1.5,1.5
Conductance,oslom,0.2434,50000.0,1.5,1.5
Coverage,blondel,0.55415,50000.0,1.5,1.5
Coverage,gold_standard,0.5502,50000.0,1.5,1.0
Coverage,infomap,0.55015,50000.0,1.5,1.5
Coverage,label_propagation,0.78415,50000.0,1.5,1.5
Coverage,mod_opt,0.55075,50000.0,1.5,1.5
Coverage,oslom,0.3766,50000.0,1.5,1.5
Lancichinetti NMI,blondel,0.86776,50000.0,1.5,1.5
Lancichinetti NMI,infomap,0.931092,50000.0,1.5,1.5
Lancichinetti NMI,label_propagation,0.3442375,50000.0,1.5,1.5
Lancichinetti NMI,mod_opt,0.764984,50000.0,1.5,1.5
Lancichinetti NMI,oslom,0.7693645,50000.0,1.5,1.5
Modularity,blondel,0.48155,50000.0,1.5,1.5
Modularity,gold_standard,0.48535,50000.0,1.5,1.0
Modularity,infomap,0.48525,50000.0,1.5,1.5
Modularity,label_propagation,0.23255,50000.0,1.5,1.5
Modularity,mod_opt,0.4851,50000.0,1.5,1.5
Modularity,oslom,0.35025,50000.0,1.5,1.5
NLS,blondel,0.89409596056,50000.0,1.5,1.5
NLS,infomap,0.906916753461,50000.0,1.5,1.5
NLS,label_propagation,0.901209534611,50000.0,1.5,1.5
NLS,mod_opt,0.894334439275,50000.0,1.5,1.5
NLS,oslom,0.815941908866,50000.0,1.5,1.5
Original_block_num,blondel,58.5,50000.0,1.5,1.5
Original_block_num,infomap,58.5,50000.0,1.5,1.5
Original_block_num,label_propagation,58.5,50000.0,1.5,1.5
Original_block_num,mod_opt,58.5,50000.0,1.5,1.5
Original_block_num,oslom,58.5,50000.0,1.5,1.5
Sample_block_num,blondel,55.5,50000.0,1.5,1.5
Sample_block_num,infomap,59.0,50000.0,1.5,1.5
Sample_block_num,label_propagation,16.5,50000.0,1.5,1.5
Sample_block_num,mod_opt,40.0,50000.0,1.5,1.5
Sample_block_num,oslom,80.5,50000.0,1.5,1.5
Scikit-learn NMI,blondel,0.971503785706,50000.0,1.5,1.5
Scikit-learn NMI,infomap,0.991993469677,50000.0,1.5,1.5
Scikit-learn NMI,label_propagation,0.431782194956,50000.0,1.5,1.5
Scikit-learn NMI,mod_opt,0.97267374969,50000.0,1.5,1.5
Scikit-learn NMI,oslom,0.911522534665,50000.0,1.5,1.5
